Дата рождения,Имя,Фамилия,Отчество,Код клиента,day,month,year,birth_date
05.10.1986,Август,Абаимов,Бенедиктович,1,5.0,10.0,1986.0,1986-10-05
2-я-1990,Авдей,Абакумов,Богданович,2,2.0,,1990.0,
12.янв.90,Аверкий,Абакшин,Болеславович,3,12.0,1.0,1990.0,1990-01-12
15 августа 1957,Аверьян,Абалакин,Бонифатович,4,15.0,8.0,1957.0,1957-08-15
15 мая 1954,Авксентий,Абалаков,Бонифатиевич,5,15.0,5.0,1954.0,1954-05-15
08.май.54,Автоном,Абалдуев,Борисович,6,8.0,5.0,1954.0,1954-05-08
15.сен.56,Агап,Абалкин,Бориславович,7,15.0,9.0,1956.0,1956-09-15
25 мак 59,Агафон,Абатурин,Брониславович,8,25.0,5.0,1959.0,1959-05-25
15.12.1845,Аггей,Абатуров,Вавилич,9,15.0,12.0,1845.0,1845-12-15
1947,Адам,Абашев,Вадимович,10,,,1947.0,
1951 год,Андриян,Абашин,Валентинович,11,,,1951.0,
1986 Feb 10 Питер,Азарий,Абашкин,Валерианович,12,10.0,2.0,1986.0,1986-02-10
10.05.1986,Аким,Абаянцев,Валерьянович,13,10.0,5.0,1986.0,1986-05-10
05.05.1986,Александр,Абдула,Валериевич,14,5.0,5.0,1986.0,1986-05-05
19861005 Москва,Алексей,Абдулин,Варламович,15,5.0,10.0,1986.0,1986-10-05
25.05.1986,Амвросий,Абдулов,Варламиевич,16,25.0,5.0,1986.0,1986-05-25
04.05.1986,Амос,Абоимов,Варнавич,17,4.0,5.0,1986.0,1986-05-04
5-10-1986 город Коломна,Ананий,Абраменко,Варсонофович,18,5.0,10.0,1986.0,1986-10-05
05.05.1952,Анатолий,Абрамкин,Варсонофиевич,19,5.0,5.0,1952.0,1952-05-05
05.01.1986,Андрей,Абрамов,Варфоломеевич,20,5.0,1.0,1986.0,1986-01-05
05.10.1906,Андрон,Борищенко,Васильевич,21,5.0,10.0,1906.0,1906-10-05
05.10.1986,Андроник,Борков,Вассианович,22,5.0,10.0,1986.0,1986-10-05
05.10.1986,Аникей,Борковский,Велизарович,23,5.0,10.0,1986.0,1986-10-05
дата 05101986,Аникита,Боровик,Велимирович,24,5.0,10.0,1986.0,1986-10-05
дата 15 January 1959,Анисим,Боровицкий,Венедиктович,25,15.0,1.0,1959.0,1959-01-15
дата 1986/05 Москва,Антип,Боровко,Вениаминович,26,,,1986.0,
дата рождения 5.10.1986,Антонин,Боровков,Веньяминович,27,5.0,10.0,1986.0,1986-10-05
рождения 05/10/1986Москва,Аполлинарий,Боровлев,Венцеславович,28,5.0,10.0,1986.0,1986-10-05
05.10.1987,Аполлон,Боровов,Викентиевич,29,5.0,10.0,1987.0,1987-10-05
12.янв.91,Арефий,Боровой,Викторович,30,12.0,1.0,1991.0,1991-01-12
16 августа 1957,Аристарх,Бородин,Викториевич,31,16.0,8.0,1957.0,1957-08-16
16 мая 1954,Аркадий,Бородинов,Викулович,32,16.0,5.0,1954.0,1954-05-16
16.сен.56,Арсений,Бородихин,Викулич,33,16.0,9.0,1956.0,1956-09-16
15.12.1846,Артемий,Бородулин,Виленович,34,15.0,12.0,1846.0,1846-12-15
1948,Артем,Бородыня,Вильгельмович,35,,,1948.0,
1952 год,Архип,Бороздин,Виссарионович,36,,,1952.0,
1987 Feb 10 Питер,Аскольд,Боронин,Виталиевич,37,10.0,2.0,1987.0,1987-02-10
09.05.1986,Афанасий,Бортенев,Витольдович,38,9.0,5.0,1986.0,1986-05-09
13.05.1986,Афиноген,Бортников,Владиленович,39,13.0,5.0,1986.0,1986-05-13
19861005 Москва,Бажен,Борыков,Владимирович,40,5.0,10.0,1986.0,1986-10-05
25.05.1987,Богдан,Борягин,Владиславович,41,25.0,5.0,1987.0,1987-05-25
04.05.1987,Болеслав,Боряков,Владленович,42,4.0,5.0,1987.0,1987-05-04
5-10-1986 город Коломна,Борис,yосолаев,Власович,43,5.0,10.0,1986.0,1986-10-05
05.05.1953,Борислав,Босулаев,Власиевич,44,5.0,5.0,1953.0,1953-05-05
05.01.1987,Боян,Босый,Вонифатович,45,5.0,1.0,1987.0,1987-01-05
05.10.1966,Бронислав,Боталов,Вонифатиевич,46,5.0,10.0,1966.0,1966-10-05
05.10.1946,Будимир,Боташев,Всеволодович,47,5.0,10.0,1946.0,1946-10-05
05.10.1987,Вадим,Боташов,Всеславович,48,5.0,10.0,1987.0,1987-10-05
дата 05101987,Валентин,Ботвин,Вуколович,49,5.0,10.0,1987.0,1987-10-05
дата 15 January 1960,Валерий,Боткин,Вышеславович,50,15.0,1.0,1960.0,1960-01-15
дата 1986/05 Москва,Валерьян,Боцян,Вячеславович,51,,,1986.0,
дата рождения 5.10.1987,Варлаам,Боцяновский,Бенедиктович,52,5.0,10.0,1987.0,1987-10-05
рождения 05/10/1986Москва,Варфоломей,Бочагов,Богданович,53,5.0,10.0,1986.0,1986-10-05
05.10.1988,Василий,Бочарников,Болеславович,54,5.0,10.0,1988.0,1988-10-05
12.янв.92,Вацлав,Бочаров,Бонифатович,55,12.0,1.0,1992.0,1992-01-12
17 августа 1957,Велимир,Бочкарев,Бонифатиевич,56,17.0,8.0,1957.0,1957-08-17
17 мая 1954,Венедикт,Бояринов,Борисович,57,17.0,5.0,1954.0,1954-05-17
17.сен.56,Вениамин,Бояринцев,Бориславович,58,17.0,9.0,1956.0,1956-09-17
15.12.1847,Викентий,Боярский,Брониславович,59,15.0,12.0,1847.0,1847-12-15
1949,Виктор,Боярышников,Вавилич,60,,,1949.0,
1953 год,Викторин,Брагин,Вадимович,61,,,1953.0,
1988 Feb 10 Питер,Виссарион,Бражин,Валентинович,62,10.0,2.0,1988.0,1988-02-10
17.05.1986,Виталий,Бражкин,Валерианович,63,17.0,5.0,1986.0,1986-05-17
21.05.1986,Владилен,Бражник,Валерьянович,64,21.0,5.0,1986.0,1986-05-21
19861005 Москва,Владлен,Бражников,Валериевич,65,5.0,10.0,1986.0,1986-10-05
25.05.1988,Владимир,Бражницын,Варламович,66,25.0,5.0,1988.0,1988-05-25
04.05.1988,Владислав,Брайнин,Варламиевич,67,4.0,5.0,1988.0,1988-05-04
5-10-1986 город Коломна,Влас,Брайнович,Варнавич,68,5.0,10.0,1986.0,1986-10-05
05.05.1954,Всеволод,Браславский,Варсонофович,69,5.0,5.0,1954.0,1954-05-05
05.01.1988,Всемил,Браслетов,Варсонофиевич,70,5.0,1.0,1988.0,1988-01-05
05.10.2226,Всеслав,Братанов,Варфоломеевич,71,5.0,10.0,,
05.10.2306,Вышеслав,Братишкин,Васильевич,72,5.0,10.0,,
05.10.1988,Вячеслав,Братищев,Вассианович,73,5.0,10.0,1988.0,1988-10-05
дата 05101988,Гавриил,Братков,Велизарович,74,5.0,10.0,1988.0,1988-10-05
дата 15 January 1961,Галактион,Братухин,Велимирович,75,15.0,1.0,1961.0,1961-01-15
дата 1986/05 Москва,Гедеон,Братцев,Венедиктович,76,,,1986.0,
дата рождения 5.10.1988,Геннадий,Братчиков,Вениаминович,77,5.0,10.0,1988.0,1988-10-05
рождения 05/10/1982Москва,Георгий,Бредихин,Веньяминович,78,5.0,10.0,1982.0,1982-10-05
05.10.1989,Герасим,Брежнев,Венцеславович,79,5.0,10.0,1989.0,1989-10-05
12.янв.93,Герман,Брежной,Викентиевич,80,12.0,1.0,1993.0,1993-01-12
18 августа 1957,Глеб,Брежный,Викторович,81,18.0,8.0,1957.0,1957-08-18
18 мая 1954,Гордей,Выскубов,Викториевич,82,18.0,5.0,1954.0,1954-05-18
18.сен.56,Гостомысл,Высокий,Викулович,83,18.0,9.0,1956.0,1956-09-18
15.12.1848,Гремислав,Высоких,Викулич,84,15.0,12.0,1848.0,1848-12-15
1950,Григорий,Высоков,Виленович,85,,,1950.0,
1954 год,Гурий,Высокович,Вильгельмович,86,,,1954.0,
1989 Feb 10 Питер,Давыд,Высокоостровский,Виссарионович,87,10.0,2.0,1989.0,1989-02-10
25.05.1986,Данила,Высоцкий,Виталиевич,88,25.0,5.0,1986.0,1986-05-25
29.05.1986,Дементий,Вытчиков,Витольдович,89,29.0,5.0,1986.0,1986-05-29
19861005 Москва,Демид,Выходцев,Владиленович,90,5.0,10.0,1986.0,1986-10-05
25.05.1989,Демьян,Вычегжанин,Владимирович,91,25.0,5.0,1989.0,1989-05-25
04.05.1989,Денис,Вычегжанинов,Владиславович,92,4.0,5.0,1989.0,1989-05-04
5-10-1986 город Коломна,Дмитрий,Вышегородцев,Владленович,93,5.0,10.0,1986.0,1986-10-05
05.05.1955,Добромысл,Вышеградский,Власович,94,5.0,5.0,1955.0,1955-05-05
05.01.1989,Доброслав,Вышеславцев,Власиевич,95,5.0,1.0,1989.0,1989-01-05
05.10.1986,Дорофей,Вышняков,Вонифатович,96,5.0,10.0,1986.0,1986-10-05
05.10.1966,Евгений,Вьюниченко,Вонифатиевич,97,5.0,10.0,1966.0,1966-10-05
05.10.1989,Евграф,Вьюрков,Всеволодович,98,5.0,10.0,1989.0,1989-10-05
дата 05101989,Евдоким,Вьющенко,Всеславович,99,5.0,10.0,1989.0,1989-10-05
дата 15 January 1962,Евлампий,Вязгин,Вуколович,100,15.0,1.0,1962.0,1962-01-15
дата 1986/05 Москва,Евсей,Вязгунов,Вышеславович,101,,,1986.0,
дата рождения 5.10.1989,Евстафий,Вяземский,Вячеславович,102,5.0,10.0,1989.0,1989-10-05
рождения 05/10/1986Москва,Евстигней,Вяземцев,Бенедиктович,103,5.0,10.0,1986.0,1986-10-05
05.10.1990,Егор,Вязников,Богданович,104,5.0,10.0,1990.0,1990-10-05
12.янв.94,Елизар,Вязов,Болеславович,105,12.0,1.0,1994.0,1994-01-12
19 августа 1957,Елисей,Вязовкин,Бонифатович,106,19.0,8.0,1957.0,1957-08-19
19 мая 1954,Емельян,Вязовой,Бонифатиевич,107,19.0,5.0,1954.0,1954-05-19
19.сен.56,Епифан,Вязьмитин,Борисович,108,19.0,9.0,1956.0,1956-09-19
15.12.1849,Еремей,Вязьмитинов,Бориславович,109,15.0,12.0,1849.0,1849-12-15
1951,Ермил,Вялов,Брониславович,110,,,1951.0,
1955 год,Ермолай,Вяльцев,Вавилич,111,,,1955.0,
1990 Feb 10 Питер,Ерофей,Вяткин,Вадимович,112,10.0,2.0,1990.0,1990-02-10
31.05.1986,Ефим,Вятков,Валентинович,113,31.0,5.0,1986.0,1986-05-31
27.05.1986,Ефрем,Вятчинин,Валерианович,114,27.0,5.0,1986.0,1986-05-27
19861005 Москва,Захар,Вяхирев,Валерьянович,115,5.0,10.0,1986.0,1986-10-05
25.05.1990,Зиновий,Вяхорев,Валериевич,116,25.0,5.0,1990.0,1990-05-25
04.05.1990,Зосима,Вячеславлев,Варламович,117,4.0,5.0,1990.0,1990-05-04
5-10-1986 город Коломна,Иван,Вячеславов,Варламиевич,118,5.0,10.0,1986.0,1986-10-05
05.05.1956,Игнатий,Вячеслов,Варнавич,119,5.0,5.0,1956.0,1956-05-05
05.01.1990,Игорь,Голубович,Варсонофович,120,5.0,1.0,1990.0,1990-01-05
05.10.1946,Измаил,Голубовский,Варсонофиевич,121,5.0,10.0,1946.0,1946-10-05
05.10.1986,Изот,Голубоцкий,Варфоломеевич,122,5.0,10.0,1986.0,1986-10-05
05.10.1990,Изяслав,Голубушкин,Васильевич,123,5.0,10.0,1990.0,1990-10-05
дата 05101990,Иларион,Голубцов,Вассианович,124,5.0,10.0,1990.0,1990-10-05
дата 15 January 1963,Илья,Голубчик,Велизарович,125,15.0,1.0,1963.0,1963-01-15
дата 1986/05 Москва,Иннокентий,Голубятников,Велимирович,126,,,1986.0,
дата рождения 5.10.1990,Осип,Голузин,Венедиктович,127,5.0,10.0,1990.0,1990-10-05
рождения 05/10/1986Москва,Ипат,Голутвин,Вениаминович,128,5.0,10.0,1986.0,1986-10-05
05.10.1991,Ипатий,Голчин,Веньяминович,129,5.0,10.0,1991.0,1991-10-05
12.янв.95,Ипполит,Голыгин,Венцеславович,130,12.0,1.0,1995.0,1995-01-12
20 августа 1957,Ираклий,Голышев,Викентиевич,131,20.0,8.0,1957.0,1957-08-20
20 мая 1954,Исай,Голышевский,Викторович,132,20.0,5.0,1954.0,1954-05-20
20.сен.56,Исидор,Голышкин,Викториевич,133,20.0,9.0,1956.0,1956-09-20
15.12.1850,Казимир,Гольдин,Викулович,134,15.0,12.0,1850.0,1850-12-15
1952,Каллистрат,Гольцев,Викулич,135,,,1952.0,
1956 год,Капитон,Гольцов,Виленович,136,,,1956.0,
1991 Feb 10 Питер,Карл,Голягин,Вильгельмович,137,10.0,2.0,1991.0,1991-02-10
01.05.1986,Карп,Голядкин,Виссарионович,138,1.0,5.0,1986.0,1986-05-01
14.05.1986,Касьян,Голямов,Виталиевич,139,14.0,5.0,1986.0,1986-05-14
19861005 Москва,Ким,Гомбоев,Витольдович,140,5.0,10.0,1986.0,1986-10-05
25.05.1991,Кир,Гомбурцев,Владиленович,141,25.0,5.0,1991.0,1991-05-25
04.05.1991,Кирилл,Гомеров,Владимирович,142,4.0,5.0,1991.0,1991-05-04
5-10-1986 город Коломна,Клавдий,Гомзиков,Владиславович,143,5.0,10.0,1986.0,1986-10-05
05.05.1957,Клементий,Гомзин,Владленович,144,5.0,5.0,1957.0,1957-05-05
05.01.1991,Кондрат,Гомзяков,Власович,145,5.0,1.0,1991.0,1991-01-05
05.10.1993,Кондратий,Гомозин,Власиевич,146,5.0,10.0,1993.0,1993-10-05
05.10.1996,Конон,Гомозов,Вонифатович,147,5.0,10.0,1996.0,1996-10-05
05.10.1991,Константин,Гомоюнов,Вонифатиевич,148,5.0,10.0,1991.0,1991-10-05
дата 05101991,Корней,Гондобин,Всеволодович,149,5.0,10.0,1991.0,1991-10-05
дата 15 January 1964,Кузьма,Гондырев,Всеславович,150,15.0,1.0,1964.0,1964-01-15
дата 1986/05 Москва,Куприян,Гонимедов,Вуколович,151,,,1986.0,
дата рождения 5.10.1991,Лавр,Гонобобелев,Вышеславович,152,5.0,10.0,1991.0,1991-10-05
рождения 05/10/1986Москва,Лаврентий,Гонобоблев,Вячеславович,153,5.0,10.0,1986.0,1986-10-05
05.10.1992,Ладимир,Гонохов,Абакумович,154,5.0,10.0,1992.0,1992-10-05
12.янв.96,Ладислав,Гоношилин,Абрамович,155,12.0,1.0,1996.0,1996-01-12
21 августа 1957,Лазарь,Гоношин,Абросимович,156,21.0,8.0,1957.0,1957-08-21
21 мая 1954,Лев,Гоношихин,Аввакумович,157,21.0,5.0,1954.0,1954-05-21
21.сен.56,Леон,Гонтарев,Августович,158,21.0,9.0,1956.0,1956-09-21
15.12.1851,Леонид,Гонтаров,Авдеевич,159,15.0,12.0,1851.0,1851-12-15
1953,Леонтий,Гонтарук,Авдиевич,160,,,1953.0,
1957 год,Лонгин,Гонтарь,Авелевич,161,,,1957.0,
1992 Feb 10 Питер,Августа,Гонцова,Авенировна,162,10.0,2.0,1992.0,1992-02-10
19.05.1986,Агата,Гончарова,Авериевна,163,19.0,5.0,1986.0,1986-05-19
20.05.1986,Агафья,Гончаренко,Аверкиевна,164,20.0,5.0,1986.0,1986-05-20
19861005 Москва,Аглая,Гончарик,Аверьяновна,165,5.0,10.0,1986.0,1986-10-05
25.05.1992,Агнесса,Гончарова,Авксентиевна,166,25.0,5.0,1992.0,1992-05-25
04.05.1992,Агния,Гончарук,Авраамовна,167,4.0,5.0,1992.0,1992-05-04
5-10-1986 город Коломна,Аграфена,Гораздова,Авраамиевна,168,5.0,10.0,1986.0,1986-10-05
05.05.1958,Агриппина,Горбаневская,Аврамовна,169,5.0,5.0,1958.0,1958-05-05
05.01.1992,Ада,Горбань,Аврамьевна,170,5.0,1.0,1992.0,1992-01-05
05.10.1950,Аделаида,Горбатко,Аврелиановна,171,5.0,10.0,1950.0,1950-10-05
05.10.1960,Аза,Горбаткова,Автономовна,172,5.0,10.0,1960.0,1960-10-05
05.10.1992,Алевтина,Горбатова,Агаповна,173,5.0,10.0,1992.0,1992-10-05
дата 05101992,Александра,Горбачева,Агапиевна,174,5.0,10.0,1992.0,1992-10-05
дата 15 January 1965,Алина,Горбатых,Агапитовна,175,15.0,1.0,1965.0,1965-01-15
дата 1986/05 Москва,Алиса,Горбач,Агафоновна,176,,,1986.0,
дата рождения 5.10.1992,Алла,Горбачева,Аггеевна,177,5.0,10.0,1992.0,1992-10-05
рождения 05/10/1986Москва,Альбина,Горбачевский,Адамовна,178,5.0,10.0,1986.0,1986-10-05
05.10.1993,Анастасия,Горбаченко,Адриановна,179,5.0,10.0,1993.0,1993-10-05
12.янв.97,Ангелина,Горбенко,Азаровна,180,12.0,1.0,1997.0,1997-01-12
22 августа 1957,Анисья,Горбенкова,Азариевна,181,22.0,8.0,1957.0,1957-08-22
22 мая 1954,Анна,Горбова,Акакиевна,182,22.0,5.0,1954.0,1954-05-22
22.сен.56,Антонида,Горбоносов,Акимовна,183,22.0,9.0,1956.0,1956-09-22
15.12.1852,Антонина,Горбунина,Акиндиновна,184,15.0,12.0,1852.0,1852-12-15
1954,Анфиса,Горбункова,Акинфовна,185,,,1954.0,
1958 год,Аполлинария,Горбунова,Акинфиевна,186,,,1958.0,
1993 Feb 10 Питер,Ариадна,Горбунчикова,Аксёновна,187,10.0,2.0,1993.0,1993-02-10
27.05.1986,Беатриса,Горбушина,Аксентиевна,188,27.0,5.0,1986.0,1986-05-27
10.05.1986,Берта,Горбушова,Александровна,189,10.0,5.0,1986.0,1986-05-10
19861005 Москва,Борислава,Демьяненко,Алексеевна,190,5.0,10.0,1986.0,1986-10-05
25.05.1993,Бронислава,Демьянец,Алексиевна,191,25.0,5.0,1993.0,1993-05-25
04.05.1993,Валентина,Демьянова,Альбертовна,192,4.0,5.0,1993.0,1993-05-04
5-10-1986 город Коломна,Валерия,Демьяновская,Альфредовна,193,5.0,10.0,1986.0,1986-10-05
05.05.1959,Ванда,Демьянок,Амвросиевна,194,5.0,5.0,1959.0,1959-05-05
05.01.1993,Варвара,Демьянчук,Амосовна,195,5.0,1.0,1993.0,1993-01-05
05.10.1974,Василиса,Демяник,Амфилохиевна,196,5.0,10.0,1974.0,1974-10-05
05.10.1970,Васса,Демянко,Ананиевна,197,5.0,10.0,1970.0,1970-10-05
05.10.1993,Вера,Демянова,Анастасиевна,198,5.0,10.0,1993.0,1993-10-05
дата 05101993,Вероника,Демяновская,Анатолиевна,199,5.0,10.0,1993.0,1993-10-05
дата 15 January 1966,Викторина,Деникина,Андреевна,200,15.0,1.0,1966.0,1966-01-15
дата 1986/05 Москва,Виктория,Денисевич,Андриановна,201,,,1986.0,
дата рождения 5.10.1993,Виргиния,Денисенко,Андроновна,202,5.0,10.0,1993.0,1993-10-05
рождения 05/10/1986Москва,Влада,Денисова,Андрониевна,203,5.0,10.0,1986.0,1986-10-05
05.10.1994,Владилена,Денисович,Андрониковна,204,5.0,10.0,1994.0,1994-10-05
12.янв.98,Владлена,Денисычева,Аникеевна,205,12.0,1.0,1998.0,1998-01-12
23 августа 1957,Владислава,Денисьева,Аникиевна,206,23.0,8.0,1957.0,1957-08-23
23 мая 1954,Власта,Денисюк,Аникитична,207,23.0,5.0,1954.0,1954-05-23
23.сен.56,Всеслава,Денюхина,Анисиевна,208,23.0,9.0,1956.0,1956-09-23
15.12.1853,Галина,Денягина,Анисимовна,209,15.0,12.0,1853.0,1853-12-15
1955,Галя,Денякина,Антиоховна,210,,,1955.0,
1959 год,Ганна,Деплоранская,Антиповна,211,,,1959.0,
1994 Feb 10 Питер,Генриетта,Депутатова,Антипична,212,10.0,2.0,1994.0,1994-02-10
16.05.1986,Глафира,Дербенева,Антипиевна,213,16.0,5.0,1986.0,1986-05-16
19.05.1986,Горислава,Дербина,Антоновна,214,19.0,5.0,1986.0,1986-05-19
19861005 Москва,Дарья,Дербышева,Антониновна,215,5.0,10.0,1986.0,1986-10-05
25.05.1994,Диана,Дергачова,Антроповна,216,25.0,5.0,1994.0,1994-05-25
04.05.1994,Дина,Деревщикова,Антропиевна,217,4.0,5.0,1994.0,1994-05-04
5-10-1986 город Коломна,Доминика,Деревягина,Ануфриевна,218,5.0,10.0,1986.0,1986-10-05
05.05.1960,Домна,Деревянкина,Аполлинарьевна,219,5.0,5.0,1960.0,1960-05-05
05.01.1994,Ева,Деревянникова,Аполлоновна,220,5.0,1.0,1994.0,1994-01-05
05.10.1983,Евгеиня,Деревяшкина,Аполлосовна,221,5.0,10.0,1983.0,1983-10-05
05.10.1987,Евдокия,Державец,Ардалионовна,222,5.0,10.0,1987.0,1987-10-05
05.10.1994,Евлампия,Державина,Ардальоновна,223,5.0,10.0,1994.0,1994-10-05
дата 05101994,Екатерина,Державцева,Арефовна,224,5.0,10.0,1994.0,1994-10-05
дата 15 January 1967,Елена,Деркач,Арефьевна,225,15.0,1.0,1967.0,1967-01-15
дата 1986/05 Москва,Елизавета,Деркачова,Арьевна,226,,,1986.0,
дата рождения 5.10.1994,Ефросинья,Дерюгина,Аристарховна,227,5.0,10.0,1994.0,1994-10-05
рождения 05/10/1986Москва,Жанна,Дерябина,Аристидовна,228,5.0,10.0,1986.0,1986-10-05
05.10.1995,Зинаида,Дерягина,Аркадьевна,229,5.0,10.0,1995.0,1995-10-05
12.янв.99,Злата,Десницкая,Арнольдовна,230,12.0,1.0,1999.0,1999-01-12
24 августа 1957,Зоя,Десяткина,Ароновна,231,24.0,8.0,1957.0,1957-08-24
24 мая 1954,Изабелла,Десятова,Арсеновна,232,24.0,5.0,1954.0,1954-05-24
24.сен.56,Изольда,Деткина,Арсеньевна,233,24.0,9.0,1956.0,1956-09-24
15.12.1854,Инга,Деткова,Арсентьевна,234,15.0,12.0,1854.0,1854-12-15
1956,Инесса,Детнева,Артамоновна,235,,,1956.0,
1960 год,Инна,Деточкина,Артёмовна,236,,,1960.0,
1995 Feb 10 Питер,Ираида,Детушкина,Артемьевна,237,10.0,2.0,1995.0,1995-02-10
11.05.1986,Ирина,Деулина,Артуровна,238,11.0,5.0,1986.0,1986-05-11
17.05.1986,Ия,Дехтерева,Архиповна,239,17.0,5.0,1986.0,1986-05-17
19861005 Москва,Казимира,Джавадова,Асафовна,240,5.0,10.0,1986.0,1986-10-05
25.05.1995,Калерия,Джура,Асафьевна,241,25.0,5.0,1995.0,1995-05-25
04.05.1995,Капитолина,Дзенискевич,Аскольдовна,242,4.0,5.0,1995.0,1995-05-04
5-10-1986 город Коломна,Каролина,Дзюбина,Афанасьевна,243,5.0,10.0,1986.0,1986-10-05
05.05.1961,Кира,Дианина,Афиногеновна,244,5.0,5.0,1961.0,1961-05-05
05.01.1995,Клавдия,Дианова,Африкановна,245,5.0,1.0,1995.0,1995-01-05
05.10.1951,Клара,Диденко,Артамоновна,246,5.0,10.0,1951.0,1951-10-05
05.10.1960,Кларисса,Дидоренко,Артёмовна,247,5.0,10.0,1960.0,1960-10-05
05.10.1995,Клементина,Деткина,Артемьевна,248,5.0,10.0,1995.0,1995-10-05
дата 05101995,Клеопатра,Деткова,Артуровна,249,5.0,10.0,1995.0,1995-10-05
дата 15 January 1968,Конкордия,Детнева,Архиповна,250,15.0,1.0,1968.0,1968-01-15
дата 1986/05 Москва,Ксения,Деточкина,Асафовна,251,,,1986.0,
дата рождения 5.10.1995,Лада,Детушкина,Асафьевна,252,5.0,10.0,1995.0,1995-10-05
рождения 05/10/1986Москва,Лариса,Деулина,Аскольдовна,253,5.0,10.0,1986.0,1986-10-05
05.10.1996,Леокадия,Дехтерева,Афанасьевна,254,5.0,10.0,1996.0,1996-10-05
12.янв.00,Лиана,Джавадова,Афиногеновна,255,12.0,1.0,1900.0,1900-01-12
25 августа 1957,Лидия,Джура,Африкановна,256,25.0,8.0,1957.0,1957-08-25
25 мая 1954,Лилиана,Дзенискевич,Артамоновна,257,25.0,5.0,1954.0,1954-05-25
25.сен.56,Измаил,Жабенков,Захарович,258,25.0,9.0,1956.0,1956-09-25
15.12.1855,Изот,Жабин,Захариевич,259,15.0,12.0,1855.0,1855-12-15
1957,Изяслав,Жабинский,Зенонович,260,,,1957.0,
1961 год,Иларион,Жабко,Зиновиевич,261,,,1961.0,
1996 Feb 10 Питер,Илья,Жабоедов,Зосимович,262,10.0,2.0,1996.0,1996-02-10
18.05.1986,Иннокентий,Жабрак,Зосимч,263,18.0,5.0,1986.0,1986-05-18
15.05.1986,Осип,Жабрук,Иакимович,264,15.0,5.0,1986.0,1986-05-15
19861005 Москва,Ипат,Жаворонков,Иакинфович,265,5.0,10.0,1986.0,1986-10-05
25.05.1996,Ипатий,Жаврук,Иванович,266,25.0,5.0,1996.0,1996-05-25
04.05.1996,Ипполит,Жаданов,Игнатович,267,4.0,5.0,1996.0,1996-05-04
5-10-1986 город Коломна,Ираклий,Жаднов,Игнатиевич,268,5.0,10.0,1986.0,1986-10-05
05.05.1962,Исай,Жадный,Игоревич,269,5.0,5.0,1962.0,1962-05-05
05.01.1996,Исидор,Жадобин,Иеронимович,270,5.0,1.0,1996.0,1996-01-05
05.10.1988,Казимир,Жадов,Измаилович,271,5.0,10.0,1988.0,1988-10-05
05.10.1947,Каллистрат,Жадовский,Изосимович,272,5.0,10.0,1947.0,1947-10-05
05.10.1996,Капитон,Жаков,Изотович,273,5.0,10.0,1996.0,1996-10-05
дата 05101996,Карл,Жалобин,Изяславович,274,5.0,10.0,1996.0,1996-10-05
дата 15 January 1969,Карп,Жальба,Илиодорович,275,15.0,1.0,1969.0,1969-01-15
дата 1986/05 Москва,Касьян,Жаравин,Илларионович,276,,,1986.0,
дата рождения 5.10.1996,Ким,Жаравихин,Иларионович,277,5.0,10.0,1996.0,1996-10-05
рождения 05/10/1986Москва,Кир,Жаравлев,Ильич,278,5.0,10.0,1986.0,1986-10-05
05.10.1995,Кирилл,Жаренов,Иннокентиевич,279,5.0,10.0,1995.0,1995-10-05
12.янв.01,Клавдий,Жареный,Иоаннович,280,12.0,1.0,1901.0,1901-01-12
26 августа 1957,Клементий,Жариков,Иович,281,26.0,8.0,1957.0,1957-08-26
26 мая 1954,Кондрат,Жарин,Ионич,282,26.0,5.0,1954.0,1954-05-26
26.сен.56,Кондратий,Жарких,Иосафатович,283,26.0,9.0,1956.0,1956-09-26
15.12.1956,Конон,Жарков,Иосифович,284,15.0,12.0,1956.0,1956-12-15
1958,Константин,Жаров,Ипатович,285,,,1958.0,
1962 год,Корней,Жаровский,Ипатиевич,286,,,1962.0,
1981 Feb 10 Питер,Кузьма,Жарун,Ипполитович,287,10.0,2.0,1981.0,1981-02-10
05.05.1986,Куприян,Жбанков,Ираклиевич,288,5.0,5.0,1986.0,1986-05-05
1986.0509,Лавр,Жбанников,Иринархович,289,,,1986.0,
19861005 Москва,Лаврентий,Жбанов,Иринеевич,290,5.0,10.0,1986.0,1986-10-05
25.05.1981,Ладимир,Жваликовский,Исаакович,291,25.0,5.0,1981.0,1981-05-25
04.05.1981,Ладислав,Жвалов,Исаакиевич,292,4.0,5.0,1981.0,1981-05-04
5-10-1986 город Коломна,Лазарь,Жданеня,Исаевич,293,5.0,10.0,1986.0,1986-10-05
05.05.1963,Лев,Жданкин,Исакович,294,5.0,5.0,1963.0,1963-05-05
05.01.1981,Леон,Жданович,Исакиевич,295,5.0,1.0,1981.0,1981-01-05
05.10.1966,Леонид,Ждахин,Исидорович,296,5.0,10.0,1966.0,1966-10-05
05.10.1946,Сидор,Жебов,Иустинович,297,5.0,10.0,1946.0,1946-10-05
05.10.1981,Сила,Жебра,Казимирович,298,5.0,10.0,1981.0,1981-10-05
дата 05101981,Силантий,Жебраков,Каллиникович,299,5.0,10.0,1981.0,1981-10-05
дата 15 January 1970,Сильвестр,Жебрун,Каллистович,300,15.0,1.0,1970.0,1970-01-15
дата 1986/05 Москва,Симон,Жебрунов,Каллистратович,301,,,1986.0,
дата рождения 5.10.1981,Сократ,Жевакин,Капитонович,302,5.0,10.0,1981.0,1981-10-05
рождения 05/10/1986Москва,Соломон,Жевнеров,Карионович,303,5.0,10.0,1986.0,1986-10-05
05.10.1998,Софон,Жевнин,Карлович,304,5.0,10.0,1998.0,1998-10-05
12.янв.02,Софрон,Жегалин,Карпович,305,12.0,1.0,1902.0,1902-01-12
27 августа 1957,Спартак,Жегалов,Касьянович,306,27.0,8.0,1957.0,1957-08-27
27 мая 1954,Спиридон,Жеглов,Кимович,307,27.0,5.0,1954.0,1954-05-27
27.сен.56,Станимир,Жегулев,Киприанови,308,27.0,9.0,1956.0,1956-09-27
15.12.1857,Станислав,Жегулин,Кирович,309,15.0,12.0,1857.0,1857-12-15
1959,Степан,Желваков,Кириакович,310,,,1959.0,
1963 год,Стоян,Желватых,Кирьякович,311,,,1963.0,
1998 Feb 10 Питер,Тарас,Желдаков,Кирикович,312,10.0,2.0,1998.0,1998-02-10
09.05.1986,Твердислав,Железников,Кириллович,313,9.0,5.0,1986.0,1986-05-09
10.05.1986,Творимир,Железнов,Кирсанович,314,10.0,5.0,1986.0,1986-05-10
19861005 Москва,Терентий,Железный,Клавдиевич,315,5.0,10.0,1986.0,1986-10-05
25.05.1998,Тимофей,Железняк,Климович,316,25.0,5.0,1998.0,1998-05-25
04.05.1998,Тимур,Железняка,Климентович,317,4.0,5.0,1998.0,1998-05-04
5-10-1986 город Коломна,Тит,Железняков,Климентиевич,318,5.0,10.0,1986.0,1986-10-05
05.05.1964,Тихон,Желнин,Кондратович,319,5.0,5.0,1964.0,1964-05-05
05.01.1998,Трифон,Желнинский,Кондратиевич,320,5.0,1.0,1998.0,1998-01-05
05.10.1926,Трофим,Желтиков,Кононович,321,5.0,10.0,1926.0,1926-10-05
05.10.1999,Ульян,Желтобрюхов,Конрадович,322,5.0,10.0,1999.0,1999-10-05
05.10.1998,Устин,Желтов,Константинович,323,5.0,10.0,1998.0,1998-10-05
дата 05101998,Фадей,Желтоногов,Корнеевич,324,5.0,10.0,1998.0,1998-10-05
дата 15 January 1971,Федор,Желтоножко,Корнелиевич,325,15.0,1.0,1971.0,1971-01-15
дата 1986/05 Москва,Федосий,Желтонос,Корнилович,326,,,1986.0,
дата рождения 5.10.1998,Федот,Иваков,Корнилиевич,327,5.0,10.0,1998.0,1998-10-05
рождения 05/10/1986Москва,Феликс,Иванаев,Ксенофонтович,328,5.0,10.0,1986.0,1986-10-05
05.10.1999,Феоктист,Иванеев,Кузьмич,329,5.0,10.0,1999.0,1999-10-05
12.янв.03,Феофан,Иваненко,Куприянович,330,12.0,1.0,1903.0,1903-01-12
28 августа 1957,Ферапонт,Иваненков,Захарович,331,28.0,8.0,1957.0,1957-08-28
28 мая 1954,Филарет,Иванец,Захариевич,332,28.0,5.0,1954.0,1954-05-28
28.сен.56,Филимон,Иваников,Зенонович,333,28.0,9.0,1956.0,1956-09-28
15.12.1858,Филипп,Иванилов,Зиновиевич,334,15.0,12.0,1858.0,1858-12-15
1960,Фирс,Иванин,Зосимович,335,,,1960.0,
1964 год,Флорентин,Иванисов,Зосимч,336,,,1964.0,
1999 Feb 10 Питер,Фока,Иванихин,Иакимович,337,10.0,2.0,1999.0,1999-02-10
10.05.1986,Фома,Иваничев,Иакинфович,338,10.0,5.0,1986.0,1986-05-10
19.05.1986,Фортунат,Иванишев,Иванович,339,19.0,5.0,1986.0,1986-05-19
19861005 Москва,Фотий,Иванишин,Игнатович,340,5.0,10.0,1986.0,1986-10-05
25.05.1999,Фрол,Иванишко,Игнатиевич,341,25.0,5.0,1999.0,1999-05-25
04.05.1999,Харитон,Иванишын,Игоревич,342,4.0,5.0,1999.0,1999-05-04
5-10-1986 город Коломна,Харлампий,Иванищев,Иеронимович,343,5.0,10.0,1986.0,1986-10-05
05.05.1965,Христофор,Иванищук,Измаилович,344,5.0,5.0,1965.0,1965-05-05
05.01.1999,Чеслав,Иванкин,Изосимович,345,5.0,1.0,1999.0,1999-01-05
05.10.3986,Эдуард,Иванко,Изотович,346,5.0,10.0,,
05.10.1969,Эммануил,Иванков,Изяславович,347,5.0,10.0,1969.0,1969-10-05
05.10.1999,Эмиль,Иванников,Илиодорович,348,5.0,10.0,1999.0,1999-10-05
дата 05101999,Эраст,Иванов,Илларионович,349,5.0,10.0,1999.0,1999-10-05
дата 15 January 1972,Эрнест,Ивановец,Иларионович,350,15.0,1.0,1972.0,1972-01-15
дата 1986/05 Москва,Эрнст,Иванович,Ильич,351,,,1986.0,
дата рождения 5.10.1999,Ювеналий,Ивановский,Иннокентиевич,352,5.0,10.0,1999.0,1999-10-05
рождения 05/10/1986Москва,Юлиан,Иванский,Иоаннович,353,5.0,10.0,1986.0,1986-10-05
05.10.1964,Юлий,Ивантеев,Иович,354,5.0,10.0,1964.0,1964-10-05
12.янв.04,Юрий,Ивантей,Ионич,355,12.0,1.0,1904.0,1904-01-12
29 августа 1957,Яков,Ивантьев,Иосафатович,356,29.0,8.0,1957.0,1957-08-29
29 мая 1954,Ян,Иванусьев,Иосифович,357,29.0,5.0,1954.0,1954-05-29
29.сен.56,Якуб,Иванушкин,Ипатович,358,29.0,9.0,1956.0,1956-09-29
15.12.1859,Януарий,Иванцев,Ипатиевич,359,15.0,12.0,1859.0,1859-12-15
1961,Ярополк,Иванцов,Ипполитович,360,,,1961.0,
1965 год,Ярослав,Иванченко,Ираклиевич,361,,,1965.0,
1969 Feb 10 Питер,Мартын,Иванченков,Иринархович,362,10.0,2.0,1969.0,1969-02-10
22.05.1986,Мартьян,Иванчиков,Иринеевич,363,22.0,5.0,1986.0,1986-05-22
23.05.1986,Матвей,Иванчин,Исаакович,364,23.0,5.0,1986.0,1986-05-23
19861005 Москва,Мефодий,Иванчихин,Исаакиевич,365,5.0,10.0,1986.0,1986-10-05
25.05.1950,Мечислав,Иванчов,Исаевич,366,25.0,5.0,1950.0,1950-05-25
04.05.1949,Милан,Иваншинцев,Исакович,367,4.0,5.0,1949.0,1949-05-04
5-10-1986 город Коломна,Милен,Иванычев,Исакиевич,368,5.0,10.0,1986.0,1986-10-05
05.05.1966,Милий,Иванышкин,Исидорович,369,5.0,5.0,1966.0,1966-05-05
05.01.1948,Милован,Иваньев,Иустинович,370,5.0,1.0,1948.0,1948-01-05
05.10.1946,Мина,Иванько,Казимирович,371,5.0,10.0,1946.0,1946-10-05
05.10.1942,Мир,Иваньков,Каллиникович,372,5.0,10.0,1942.0,1942-10-05
05.10.1948,Мирон,Иваньшин,Каллистович,373,5.0,10.0,1948.0,1948-10-05
дата 05101994,Мирослав,Иванюк,Каллистратович,374,5.0,10.0,1994.0,1994-10-05
дата 15 January 1973,Митофан,Иванюков,Капитонович,375,15.0,1.0,1973.0,1973-01-15
дата 1986/05 Москва,Михаил,Иванютин,Карионович,376,,,1986.0,
дата рождения 5.10.1990,Михей,Иванюшин,Карлович,377,5.0,10.0,1990.0,1990-10-05
рождения 05/10/1986Москва,Модест,Иванянков,Олегович,378,5.0,10.0,1986.0,1986-10-05
05.10.1973,Моисей,Ивасенко,Олимпиевич,379,5.0,10.0,1973.0,1973-10-05
12.янв.05,Мокей,Ивасишин,Онисимович,380,12.0,1.0,1905.0,1905-01-12
30 августа 1957,Мстислав,Ивахин,Онуфриевич,381,30.0,8.0,1957.0,1957-08-30
30 мая 1954,Назар,Ивахненко,Орестович,382,30.0,5.0,1954.0,1954-05-30
30.сен.56,Наркис,Ивахно,Осипович,383,30.0,9.0,1956.0,1956-09-30
15.12.1860,Натан,Ивахнов,Оскарович,384,15.0,12.0,1860.0,1860-12-15
1962,Наум,Ивахнушкин,Остапович,385,,,1962.0,
1966 год,Нестор,Ивачев,Павлович,386,,,1966.0,
1998 Feb 10 Питер,Никандр,Ивашев,Павлинович,387,10.0,2.0,1998.0,1998-02-10
20.05.1986,Никанор,Ивашенцев,Паисиевич,388,20.0,5.0,1986.0,1986-05-20
25.07.1986,Никита,Ивашечкин,Палладиевич,389,25.0,7.0,1986.0,1986-07-25
19861005 Москва,Никифор,Ивашин,Памфилович,390,5.0,10.0,1986.0,1986-10-05
25.05.1994,Никодим,Ивашиненко,Памфилиевич,391,25.0,5.0,1994.0,1994-05-25
04.05.1992,Николай,Ивашинников,Панкратович,392,4.0,5.0,1992.0,1992-05-04
5-10-1986 город Коломна,Никон,Ивашинцов,Панкратиевич,393,5.0,10.0,1986.0,1986-10-05
05.05.1967,Нифонт,Лабудин,Пантелеевич,394,5.0,5.0,1967.0,1967-05-05
05.01.1975,Олег,Лабутин,Пантелеймонович,395,5.0,1.0,1975.0,1975-01-05
05.10.1984,Олимпий,Лабуткин,Панфилович,396,5.0,10.0,1984.0,1984-10-05
05.10.1986,Онуфрий,Лаверко,Парамонович,397,5.0,10.0,1986.0,1986-10-05
05.10.1967,Орест,Лаверычев,Парменович,398,5.0,10.0,1967.0,1967-10-05
дата 05101965,Осип,Лавников,Пармёнович,399,5.0,10.0,1965.0,1965-10-05
дата 15 January 1974,Остап,Лавренев,Парфёнович,400,15.0,1.0,1974.0,1974-01-15
дата 1986/05 Москва,Остромир,Лавренко,Парфениевич,401,,,1986.0,
дата рождения 5.10.1955,Павел,Лавренов,Парфентиевич,402,5.0,10.0,1955.0,1955-10-05
рождения 05/10/1986Москва,Панкратий,Лавренович,Патрикеевич,403,5.0,10.0,1986.0,1986-10-05
05.10.1992,Панкрат,Лаврентьев,Патрикиевич,404,5.0,10.0,1992.0,1992-10-05
12.янв.06,Пантелеймон,Лавренцев,Пафнутиевич,405,12.0,1.0,1906.0,1906-01-12
31 августа 1957,Панфил,Лавренчук,Пахомович,406,31.0,8.0,1957.0,1957-08-31
31 мая 1954,Парамон,Лавренюк,Пахомиеви,407,31.0,5.0,1954.0,1954-05-31
31 сен 56,Парфен,Лаврец,Перфилиевич,408,31.0,9.0,1956.0,1956-09-31
15.12.1861,Пахом,Лаврив,Петрович,409,15.0,12.0,1861.0,1861-12-15
1963,Петр,Лаврик,Пименович,410,,,1963.0,
1967 год,Пимен,Лавриков,Питиримович,411,,,1967.0,
1995 Feb 10 Питер,Платон,Лавримов,Платонович,412,10.0,2.0,1995.0,1995-02-10
19.05.1986,Поликарп,Лаврин,Поликарпович,413,19.0,5.0,1986.0,1986-05-19
13.05.1993,Порфирий,Лавриненко,Поликарпиевич,414,13.0,5.0,1993.0,1993-05-13
19861005 Москва,Потап,Лавриненков,Порфирович,415,5.0,10.0,1986.0,1986-10-05
25.05.1963,Пров,Лавринец,Порфириевич,416,25.0,5.0,1963.0,1963-05-25
04.05.1965,Прокл,Лавринов,Потапович,417,4.0,5.0,1965.0,1965-05-04
5-10-1986 город Коломна,Прокофий,Лавринович,Потапиевич,418,5.0,10.0,1986.0,1986-10-05
05.05.1968,Прохор,Лавринцев,Прович,419,5.0,5.0,1968.0,1968-05-05
05.01.1969,Радим,Лавриченко,Проклович,420,5.0,1.0,1969.0,1969-01-05
05.10.1989,Радислав,Лаврищев,Прокопович,421,5.0,10.0,1989.0,1989-10-05
05.10.1987,Радован,Лаврищенко,Прокопиевич,422,5.0,10.0,1987.0,1987-10-05
05.10.1978,Ратибор,Лавров,Прокофиевич,423,5.0,10.0,1978.0,1978-10-05
дата 05101977,Ратмир,Лаврович,Протасович,424,5.0,10.0,1977.0,1977-10-05
дата 15 January 1975,Родион,Лавровский,Протасиевич,425,15.0,1.0,1975.0,1975-01-15
дата 1986/05 Москва,Роман,Лавронов,Прохорович,426,,,1986.0,
дата рождения 5.10.1971,Ростислав,Лаврук,Радиевич,427,5.0,10.0,1971.0,1971-10-05
рождения 05/10/1986Москва,Рубен,Лаврухин,Ратмирович,428,5.0,10.0,1986.0,1986-10-05
05.10.1971,Руслан,Лаврушин,Рафаилович,429,5.0,10.0,1971.0,1971-10-05
12.янв.07,Рюрик,Лаврушко,Ремович,430,12.0,1.0,1907.0,1907-01-12
3 августа 1957,Савва,Лаврущенко,Робертович,431,3.0,8.0,1957.0,1957-08-03
13 мая 1954,Савватий,Лагодин,Родионович,432,13.0,5.0,1954.0,1954-05-13
31 сен 56,Савелий,Лагунов,Романович,433,31.0,9.0,1956.0,1956-09-31
15.12.1862,Самсон,Лагутенок,Ростиславович,434,15.0,12.0,1862.0,1862-12-15
1964,Самуил,Лагутин,Рубенович,435,,,1964.0,
1968 год,Светозар,Ладыгин,Рувимович,436,,,1968.0,
1973 Feb 10 Питер,Святополк,Ладыженский,Рудольфович,437,10.0,2.0,1973.0,1973-02-10
13.05.1977,Святослав,Ладыжинский,Русланович,438,13.0,5.0,1977.0,1977-05-13
14.01.1966,Севастьян,Ладыжников,Рюрикович,439,14.0,1.0,1966.0,1966-01-14
19861005 Москва,Селиван,Ладынин,Ремович,440,5.0,10.0,1986.0,1986-10-05
25.05.1970,Селиверст,Лажечников,Робертович,441,25.0,5.0,1970.0,1970-05-25
04.05.2003,Семен,Лазарев,Родионович,442,4.0,5.0,2003.0,2003-05-04
5-10-1986 город Коломна,Серафим,Лазаревич,Романович,443,5.0,10.0,1986.0,1986-10-05
05.05.1969,Сергей,Лазаренко,Ростиславович,444,5.0,5.0,1969.0,1969-05-05
05.01.2003,Сигизмунд,Лазариди,Рубенович,445,5.0,1.0,2003.0,2003-01-05
05.10.4626,Ксения,Лазаричева,Саввична,446,5.0,10.0,,
05.10.4706,Лада,Лазебникова,Савватеевна,447,5.0,10.0,,
05.10.1983,Лариса,Лазлова,Савватьевна,448,5.0,10.0,1983.0,1983-10-05
дата 05101988,Леокадия,Лазоренко,Савёловна,449,5.0,10.0,1988.0,1988-10-05
дата 15 January 1976,Лиана,Лазукина,Савельевна,450,15.0,1.0,1976.0,1976-01-15
05.10.1946,Лидия,Лазунина,Самойловна,451,5.0,10.0,1946.0,1946-10-05
06.11.1947,Лилиана,Лазурина,Самсоновна,452,6.0,11.0,1947.0,1947-11-06
07.12.1948,Лилия,Лазутина,Самсоньевна,453,7.0,12.0,1948.0,1948-12-07
08.01.1950,Лия,Лазуткина,Самуиловна,454,8.0,1.0,1950.0,1950-01-08
09.02.1951,Луиза,Лазутчикова,Свиридовна,455,9.0,2.0,1951.0,1951-02-09
12.03.1952,Лукерья,Лазухина,Святополковна,456,12.0,3.0,1952.0,1952-03-12
13.04.1953,Любава,Лайкина,Святославна,457,13.0,4.0,1953.0,1953-04-13
15.05.1954,Любовь,Лайкова,Себастьяновна,458,15.0,5.0,1954.0,1954-05-15
16.06.1955,Любомила,Лакашева,Севастьяновна,459,16.0,6.0,1955.0,1955-06-16
17.07.1956,Любомира,Лакашина,Севериновна,460,17.0,7.0,1956.0,1956-07-17
18.08.1957,Людмила,Лакедемонская,Северьяновна,461,18.0,8.0,1957.0,1957-08-18
19.09.1958,Майя,Лактионова,Селивановна,462,19.0,9.0,1958.0,1958-09-19
21.10.1959,Мальвина,Лысаева,Селивёрстовна,463,21.0,10.0,1959.0,1959-10-21
21.11.1960,Маргарита,Лысанова,Селифановна,464,21.0,11.0,1960.0,1960-11-21
23.12.1961,Марианна,Лысенко,Семёновна,465,23.0,12.0,1961.0,1961-12-23
24.01.1963,Мариетта,Лысенкова,Серапионовна,466,24.0,1.0,1963.0,1963-01-24
25.02.1964,Марина,Лысяк,Серафимовна,467,25.0,2.0,1964.0,1964-02-25
28.03.1965,Мария,Лысякова,Сергеевна,468,28.0,3.0,1965.0,1965-03-28
29.04.1966,Марта,Лытаева,Сигизмундовна,469,29.0,4.0,1966.0,1966-04-29
31.05.1967,Марфа,Лыткина,Сидоровна,470,31.0,5.0,1967.0,1967-05-31
01.07.1968,Меланья,Львова,Силовна,471,1.0,7.0,1968.0,1968-07-01
02.08.1969,Мелитриса,Львович,Силановна,472,2.0,8.0,1969.0,1969-08-02
03.09.1970,Милана,Любавина,Силантьевна,473,3.0,9.0,1970.0,1970-09-03
05.10.1971,Милена,Любавцева,Силуяновна,474,5.0,10.0,1971.0,1971-10-05
05.11.1972,Милица,Любанина,Сильвановна,475,5.0,11.0,1972.0,1972-11-05
07.12.1973,Мира,Любарская,Сильвестровна,476,7.0,12.0,1973.0,1973-12-07
08.01.1975,Мирослава,Любасвкая,Симеоновна,477,8.0,1.0,1975.0,1975-01-08
09.02.1976,Млада,Любахина,Симоновна,478,9.0,2.0,1976.0,1976-02-09
12.03.1977,Мстислава,Любашевская,Созоновна,479,12.0,3.0,1977.0,1977-03-12
13.04.1978,Муза,Любашина,Созонтовна,480,13.0,4.0,1978.0,1978-04-13
15.05.1979,Надежда,Любвина,Созонтьевна,481,15.0,5.0,1979.0,1979-05-15
15.06.1980,Наталья,Любезная,Сократовна,482,15.0,6.0,1980.0,1980-06-15
17.07.1981,Наталия,Любиева,Соломоновна,483,17.0,7.0,1981.0,1981-07-17
18.08.1982,Неонила,Любимова,Сосипатровна,484,18.0,8.0,1982.0,1982-08-18
19.09.1983,Ника,Любимцева,Софоновна,485,19.0,9.0,1983.0,1983-09-19
20.10.1984,Нина,Любимая,Софоньевна,486,20.0,10.0,1984.0,1984-10-20
21.11.1985,Нинель,Любина,Софроновна,487,21.0,11.0,1985.0,1985-11-21
23.12.1986,Нона,Любищева,Софроньевна,488,23.0,12.0,1986.0,1986-12-23
24.01.1988,Оксана,Любкина,Спартаковна,489,24.0,1.0,1988.0,1988-01-24
24.02.1989,Октябрина,Любовина,Спиридоновна,490,24.0,2.0,1989.0,1989-02-24
28.03.1990,Олимпиада,Любовцева,Спиридоньевна,491,28.0,3.0,1990.0,1990-03-28
29.04.1991,Ольга,Любочкина,Станиславна,492,29.0,4.0,1991.0,1991-04-29
30.05.1992,Пелагея,Любусина,Стахиевна,493,30.0,5.0,1992.0,1992-05-30
01.07.1993,Поликсена,Любутина,Степановна,494,1.0,7.0,1993.0,1993-07-01
02.08.1994,Полина,Любухина,Стратониковна,495,2.0,8.0,1994.0,1994-08-02
03.09.1995,Прасковья,Любушина,Сысоевна,496,3.0,9.0,1995.0,1995-09-03
04.10.1996,Пульхерия,Любушкина,Тарасовна,497,4.0,10.0,1996.0,1996-10-04
05.11.1981,Рада,Любченко,Терентьевна,498,5.0,11.0,1981.0,1981-11-05
07.12.1995,Раиса,Любчика,Тертиевна,499,7.0,12.0,1995.0,1995-12-07
08.01.1970,Регина,Любятина,Тимофеевна,500,8.0,1.0,1970.0,1970-01-08
08.02.1969,Рената,Любятинская,Тимуровна,501,8.0,2.0,1969.0,1969-02-08
12.03.1968,Лада,Люкшина,Титовна,502,12.0,3.0,1968.0,1968-03-12
13.04.1967,Лариса,Люминарская,Тихоновна,503,13.0,4.0,1967.0,1967-04-13
14.05.1970,Леокадия,Люсина,Трифоновна,504,14.0,5.0,1970.0,1970-05-14
15.06.1971,Лиана,Лютикова,Трофимовна,505,15.0,6.0,1971.0,1971-06-15
17.07.1972,Лидия,Лютихина,Уваровна,506,17.0,7.0,1972.0,1972-07-17
18.08.1973,Лилиана,Лютова,Уаровна,507,18.0,8.0,1973.0,1973-08-18
18.09.1976,Лилия,Лютягина,Ульяновна,508,18.0,9.0,1976.0,1976-09-18
20.10.1975,Лия,Люшина,Устиновна,509,20.0,10.0,1975.0,1975-10-20
21.11.1974,Луиза,Лягина,Станиславна,510,21.0,11.0,1974.0,1974-11-21
23.12.1977,Лукерья,Ляднова,Стахиевна,511,23.0,12.0,1977.0,1977-12-23
23.01.1938,Любава,Лядова,Степановна,512,23.0,1.0,1938.0,1938-01-23
24.02.1943,Любовь,Лякина,Стратониковна,513,24.0,2.0,1943.0,1943-02-24
28.03.1953,Любомила,Лякова,Сысоевна,514,28.0,3.0,1953.0,1953-03-28
28.04.1955,Любомира,Лялечкина,Тарасовна,515,28.0,4.0,1955.0,1955-04-28
30.05.1954,Людмила,Лялина,Терентьевна,516,30.0,5.0,1954.0,1954-05-30
01.07.1956,Майя,Лялькина,Тертиевна,517,1.0,7.0,1956.0,1956-07-01
02.08.1980,Мальвина,Лямина,Тимофеевна,518,2.0,8.0,1980.0,1980-08-02
02.09.1990,Маргарита,Лямудина,Тимуровна,519,2.0,9.0,1990.0,1990-09-02
04.10.2021,Марианна,Лямцева,Титовна,520,4.0,10.0,2021.0,2021-10-04
05.11.2022,Мариетта,Лямцына,Тихоновна,521,5.0,11.0,2022.0,2022-11-05
07.12.2023,Марина,Ляпидевская,Трифоновна,522,7.0,12.0,2023.0,2023-12-07
15 августа 1958,Ксения,Денюхина,Авенировна,523,15.0,8.0,1958.0,1958-08-15
16 августа 1959,Лада,Денягина,Авериевна,524,16.0,8.0,1959.0,1959-08-16
17 августа 1960,Лариса,Денякина,Аверкиевна,525,17.0,8.0,1960.0,1960-08-17
18 августа 1961,Леокадия,Деплоранская,Аверьяновна,526,18.0,8.0,1961.0,1961-08-18
19 августа 1962,Лиана,Депутатова,Авксентиевна,527,19.0,8.0,1962.0,1962-08-19
20 августа 1963,Лидия,Дербенева,Авраамовна,528,20.0,8.0,1963.0,1963-08-20
21 августа 1964,Лилиана,Дербина,Авраамиевна,529,21.0,8.0,1964.0,1964-08-21
22 августа 1965,Лилия,Дербышева,Аврамовна,530,22.0,8.0,1965.0,1965-08-22
23 августа 1966,Лия,Дергачова,Аврамьевна,531,23.0,8.0,1966.0,1966-08-23
24 августа 1967,Луиза,Деревщикова,Аврелиановна,532,24.0,8.0,1967.0,1967-08-24
05.10.1968,Август,Абоимов,Викулич,533,5.0,10.0,1968.0,1968-10-05
16.10.1969,Авдей,Абраменко,Виленович,534,16.0,10.0,1969.0,1969-10-16
27.10.1970,Аверкий,Абрамкин,Вильгельмович,535,27.0,10.0,1970.0,1970-10-27
07.11.1971,Аверьян,Абрамов,Виссарионович,536,7.0,11.0,1971.0,1971-11-07
17.11.1972,Авксентий,Борищенко,Виталиевич,537,17.0,11.0,1972.0,1972-11-17
28.11.1973,Автоном,Борков,Витольдович,538,28.0,11.0,1973.0,1973-11-28
09.12.1974,Агап,Борковский,Владиленович,539,9.0,12.0,1974.0,1974-12-09
20.12.1975,Агафон,Боровик,Владимирович,540,20.0,12.0,1975.0,1975-12-20
30.12.1976,Аггей,Боровицкий,Владиславович,541,30.0,12.0,1976.0,1976-12-30
10.01.1978,Адам,Боровко,Владленович,542,10.0,1.0,1978.0,1978-01-10
21.01.1979,Андриян,Боровков,Власович,543,21.0,1.0,1979.0,1979-01-21
01.02.1980,Азарий,Боровлев,Власиевич,544,1.0,2.0,1980.0,1980-02-01
11.02.1981,Аким,Боровов,Вонифатович,545,11.0,2.0,1981.0,1981-02-11
22.02.1982,Александр,Боровой,Вонифатиевич,546,22.0,2.0,1982.0,1982-02-22
05.03.1983,Алексей,Бородин,Всеволодович,547,5.0,3.0,1983.0,1983-03-05
15.03.1984,Амвросий,Бородинов,Всеславович,548,15.0,3.0,1984.0,1984-03-15
06.11.1968,Амос,Абоимов,Вуколович,549,6.0,11.0,1968.0,1968-11-06
07.12.1968,Ананий,Абраменко,Вышеславович,550,7.0,12.0,1968.0,1968-12-07
07.01.1969,Анатолий,Абрамкин,Карионович,551,7.0,1.0,1969.0,1969-01-07
07.02.1969,Андрей,Абрамов,Карлович,552,7.0,2.0,1969.0,1969-02-07
10.03.1969,Андрон,Борищенко,Олегович,553,10.0,3.0,1969.0,1969-03-10
10.04.1969,Андроник,Борков,Олимпиевич,554,10.0,4.0,1969.0,1969-04-10
11.05.1969,Аникей,Борковский,Онисимович,555,11.0,5.0,1969.0,1969-05-11
11.06.1969,Аникита,Боровик,Онуфриевич,556,11.0,6.0,1969.0,1969-06-11
12.07.1969,Анисим,Боровицкий,Орестович,557,12.0,7.0,1969.0,1969-07-12
12.08.1969,Антип,Боровко,Осипович,558,12.0,8.0,1969.0,1969-08-12
12.09.1969,Антонин,Боровков,Оскарович,559,12.0,9.0,1969.0,1969-09-12
13.10.1969,Аполлинарий,Боровлев,Остапович,560,13.0,10.0,1969.0,1969-10-13
13.11.1969,Аполлон,Боровов,Павлович,561,13.0,11.0,1969.0,1969-11-13
14.12.1969,Арефий,Боровой,Павлинович,562,14.0,12.0,1969.0,1969-12-14
14.01.1970,Аристарх,Бородин,Паисиевич,563,14.0,1.0,1970.0,1970-01-14
14.02.1970,Аркадий,Бородинов,Палладиевич,564,14.0,2.0,1970.0,1970-02-14
17.03.1970,Арсений,Бородихин,Памфилович,565,17.0,3.0,1970.0,1970-03-17
17.04.1970,Артемий,Бородулин,Памфилиевич,566,17.0,4.0,1970.0,1970-04-17
18.05.1970,Артем,Бородыня,Панкратович,567,18.0,5.0,1970.0,1970-05-18
18.06.1970,Архип,Бороздин,Панкратиевич,568,18.0,6.0,1970.0,1970-06-18
19.07.1970,Аскольд,Боронин,Пантелеевич,569,19.0,7.0,1970.0,1970-07-19
19.08.1970,Афанасий,Бортенев,Пантелеймонович,570,19.0,8.0,1970.0,1970-08-19
19.09.1970,Афиноген,Бортников,Панфилович,571,19.0,9.0,1970.0,1970-09-19
20.10.1970,Бажен,Борыков,Парамонович,572,20.0,10.0,1970.0,1970-10-20
20.11.1970,Богдан,Борягин,Парменович,573,20.0,11.0,1970.0,1970-11-20
21.12.1970,Болеслав,Боряков,Пармёнович,574,21.0,12.0,1970.0,1970-12-21
21.01.1971,Борис,yосолаев,Парфёнович,575,21.0,1.0,1971.0,1971-01-21
21.02.1971,Борислав,Босулаев,Парфениевич,576,21.0,2.0,1971.0,1971-02-21
24.03.1971,Боян,Босый,Парфентиевич,577,24.0,3.0,1971.0,1971-03-24
24.04.1971,Бронислав,Боталов,Патрикеевич,578,24.0,4.0,1971.0,1971-04-24
25.05.1971,Будимир,Боташев,Патрикиевич,579,25.0,5.0,1971.0,1971-05-25
25.06.1971,Вадим,Боташов,Пафнутиевич,580,25.0,6.0,1971.0,1971-06-25
26.07.1971,Валентин,Ботвин,Пахомович,581,26.0,7.0,1971.0,1971-07-26
26.08.1971,Валерий,Боткин,Корнеевич,582,26.0,8.0,1971.0,1971-08-26
26.09.1971,Валерьян,Боцян,Корнелиевич,583,26.0,9.0,1971.0,1971-09-26
27.10.1971,Варлаам,Боцяновский,Корнилович,584,27.0,10.0,1971.0,1971-10-27
27.11.1971,Варфоломей,Бочагов,Корнилиевич,585,27.0,11.0,1971.0,1971-11-27
28.12.1971,Василий,Бочарников,Ксенофонтович,586,28.0,12.0,1971.0,1971-12-28
28.01.1972,Вацлав,Бочаров,Кузьмич,587,28.0,1.0,1972.0,1972-01-28
28.02.1972,Августа,Гонцова,Авенировна,588,28.0,2.0,1972.0,1972-02-28
30.03.1972,Агата,Гончарова,Авериевна,589,30.0,3.0,1972.0,1972-03-30
30.04.1972,Агафья,Гончаренко,Аверкиевна,590,30.0,4.0,1972.0,1972-04-30
31.05.1972,Аглая,Гончарик,Аверьяновна,591,31.0,5.0,1972.0,1972-05-31
01.07.1972,Агнесса,Гончарова,Авксентиевна,592,1.0,7.0,1972.0,1972-07-01
01.08.1972,Агния,Гончарук,Авраамовна,593,1.0,8.0,1972.0,1972-08-01
01.09.1972,Аграфена,Гораздова,Авраамиевна,594,1.0,9.0,1972.0,1972-09-01
02.10.1972,Агриппина,Горбаневская,Аврамовна,595,2.0,10.0,1972.0,1972-10-02
02.11.1972,Ада,Горбань,Аврамьевна,596,2.0,11.0,1972.0,1972-11-02
03.12.1972,Аделаида,Горбатко,Аврелиановна,597,3.0,12.0,1972.0,1972-12-03
03.01.1973,Аза,Горбаткова,Автономовна,598,3.0,1.0,1973.0,1973-01-03
03.02.1973,Алевтина,Горбатова,Агаповна,599,3.0,2.0,1973.0,1973-02-03
06.03.1973,Александра,Горбачева,Агапиевна,600,6.0,3.0,1973.0,1973-03-06
06.04.1973,Алина,Горбатых,Агапитовна,601,6.0,4.0,1973.0,1973-04-06
07.05.1973,Алиса,Горбач,Агафоновна,602,7.0,5.0,1973.0,1973-05-07
07.06.1973,Алла,Горбачева,Аггеевна,603,7.0,6.0,1973.0,1973-06-07
08.07.1973,Альбина,Горбачевский,Адамовна,604,8.0,7.0,1973.0,1973-07-08
08.08.1973,Анастасия,Горбаченко,Адриановна,605,8.0,8.0,1973.0,1973-08-08
08.09.1973,Ангелина,Горбенко,Азаровна,606,8.0,9.0,1973.0,1973-09-08
09.10.1973,Анисья,Горбенкова,Азариевна,607,9.0,10.0,1973.0,1973-10-09
09.11.1973,Анна,Горбова,Акакиевна,608,9.0,11.0,1973.0,1973-11-09
10.12.1973,Антонида,Горбоносов,Акимовна,609,10.0,12.0,1973.0,1973-12-10
10.01.1974,Антонина,Горбунина,Акиндиновна,610,10.0,1.0,1974.0,1974-01-10
10.02.1974,Анфиса,Горбункова,Акинфовна,611,10.0,2.0,1974.0,1974-02-10
13.03.1974,Аполлинария,Горбунова,Акинфиевна,612,13.0,3.0,1974.0,1974-03-13
13.04.1974,Ариадна,Горбунчикова,Аксёновна,613,13.0,4.0,1974.0,1974-04-13
14.05.1974,Беатриса,Горбушина,Аксентиевна,614,14.0,5.0,1974.0,1974-05-14
14.06.1974,Берта,Горбушова,Александровна,615,14.0,6.0,1974.0,1974-06-14
15.07.1974,Борислава,Демьяненко,Алексеевна,616,15.0,7.0,1974.0,1974-07-15
15.08.1974,Бронислава,Демьянец,Алексиевна,617,15.0,8.0,1974.0,1974-08-15
15.09.1974,Валентина,Демьянова,Альбертовна,618,15.0,9.0,1974.0,1974-09-15
16.10.1974,Валерия,Демьяновская,Альфредовна,619,16.0,10.0,1974.0,1974-10-16
16.11.1974,Ванда,Демьянок,Амвросиевна,620,16.0,11.0,1974.0,1974-11-16
17.12.1974,Варвара,Демьянчук,Амосовна,621,17.0,12.0,1974.0,1974-12-17
17.01.1975,Василиса,Демяник,Амфилохиевна,622,17.0,1.0,1975.0,1975-01-17
17.02.1975,Васса,Демянко,Ананиевна,623,17.0,2.0,1975.0,1975-02-17
20.03.1975,Вера,Демянова,Анастасиевна,624,20.0,3.0,1975.0,1975-03-20
20.04.1975,Вероника,Демяновская,Анатолиевна,625,20.0,4.0,1975.0,1975-04-20
21.05.1975,Викторина,Деникина,Андреевна,626,21.0,5.0,1975.0,1975-05-21
21.06.1975,Виктория,Денисевич,Андриановна,627,21.0,6.0,1975.0,1975-06-21
22.07.1975,Виргиния,Денисенко,Андроновна,628,22.0,7.0,1975.0,1975-07-22
22.08.1975,Влада,Денисова,Андрониевна,629,22.0,8.0,1975.0,1975-08-22
22.09.1975,Владилена,Денисович,Андрониковна,630,22.0,9.0,1975.0,1975-09-22
23.10.1975,Владлена,Денисычева,Аникеевна,631,23.0,10.0,1975.0,1975-10-23
23.11.1975,Владислава,Денисьева,Аникиевна,632,23.0,11.0,1975.0,1975-11-23
24.12.1975,Власта,Денисюк,Аникитична,633,24.0,12.0,1975.0,1975-12-24
24.01.1976,Всеслава,Денюхина,Анисиевна,634,24.0,1.0,1976.0,1976-01-24
24.02.1976,Галина,Денягина,Анисимовна,635,24.0,2.0,1976.0,1976-02-24
26.03.1976,Галя,Денякина,Антиоховна,636,26.0,3.0,1976.0,1976-03-26
26.04.1976,Ганна,Деплоранская,Антиповна,637,26.0,4.0,1976.0,1976-04-26
27.05.1976,Генриетта,Депутатова,Антипична,638,27.0,5.0,1976.0,1976-05-27
27.06.1976,Глафира,Дербенева,Антипиевна,639,27.0,6.0,1976.0,1976-06-27
28.07.1976,Горислава,Дербина,Антоновна,640,28.0,7.0,1976.0,1976-07-28
28.08.1976,Дарья,Дербышева,Антониновна,641,28.0,8.0,1976.0,1976-08-28
28.09.1976,Диана,Дергачова,Антроповна,642,28.0,9.0,1976.0,1976-09-28
29.10.1976,Дина,Деревщикова,Антропиевна,643,29.0,10.0,1976.0,1976-10-29
29.11.1976,Доминика,Деревягина,Ануфриевна,644,29.0,11.0,1976.0,1976-11-29
30.12.1976,Домна,Деревянкина,Аполлинарьевна,645,30.0,12.0,1976.0,1976-12-30
30.01.1977,Ева,Деревянникова,Аполлоновна,646,30.0,1.0,1977.0,1977-01-30
28.07.1976,Евгеиня,Деревяшкина,Аполлосовна,647,28.0,7.0,1976.0,1976-07-28
28.08.1976,Евдокия,Державец,Ардалионовна,648,28.0,8.0,1976.0,1976-08-28
28.09.1976,Евлампия,Державина,Ардальоновна,649,28.0,9.0,1976.0,1976-09-28
29.10.1976,Екатерина,Державцева,Арефовна,650,29.0,10.0,1976.0,1976-10-29
29.11.1976,Елена,Деркач,Арефьевна,651,29.0,11.0,1976.0,1976-11-29
30.12.1976,Елизавета,Деркачова,Арьевна,652,30.0,12.0,1976.0,1976-12-30
30.01.1977,Ефросинья,Дерюгина,Аристарховна,653,30.0,1.0,1977.0,1977-01-30
28.02.1977,Жанна,Дерябина,Аристидовна,654,28.0,2.0,1977.0,1977-02-28
30.03.1977,Зинаида,Дерягина,Аркадьевна,655,30.0,3.0,1977.0,1977-03-30
30.04.1977,Злата,Десницкая,Арнольдовна,656,30.0,4.0,1977.0,1977-04-30
30.05.1977,Зоя,Десяткина,Ароновна,657,30.0,5.0,1977.0,1977-05-30
30.06.1977,Изабелла,Десятова,Арсеновна,658,30.0,6.0,1977.0,1977-06-30
30.07.1977,Изольда,Деткина,Арсеньевна,659,30.0,7.0,1977.0,1977-07-30
30.08.1977,Инга,Деткова,Арсентьевна,660,30.0,8.0,1977.0,1977-08-30
30.09.1977,Инесса,Детнева,Артамоновна,661,30.0,9.0,1977.0,1977-09-30
30.10.1977,Инна,Деточкина,Артёмовна,662,30.0,10.0,1977.0,1977-10-30
30.11.1977,Ираида,Детушкина,Артемьевна,663,30.0,11.0,1977.0,1977-11-30
30.12.1977,Ирина,Деулина,Артуровна,664,30.0,12.0,1977.0,1977-12-30
30.01.1978,Ия,Дехтерева,Архиповна,665,30.0,1.0,1978.0,1978-01-30
28.02.1978,Казимира,Джавадова,Асафовна,666,28.0,2.0,1978.0,1978-02-28
30.03.1978,Калерия,Джура,Асафьевна,667,30.0,3.0,1978.0,1978-03-30
30.04.1978,Капитолина,Дзенискевич,Аскольдовна,668,30.0,4.0,1978.0,1978-04-30
30.05.1978,Каролина,Дзюбина,Афанасьевна,669,30.0,5.0,1978.0,1978-05-30
30.06.1978,Кира,Дианина,Афиногеновна,670,30.0,6.0,1978.0,1978-06-30
30.07.1978,Клавдия,Дианова,Африкановна,671,30.0,7.0,1978.0,1978-07-30
30.08.1978,Клара,Диденко,Артамоновна,672,30.0,8.0,1978.0,1978-08-30
30.09.1978,Кларисса,Дидоренко,Артёмовна,673,30.0,9.0,1978.0,1978-09-30
30.10.1978,Клементина,Деткина,Артемьевна,674,30.0,10.0,1978.0,1978-10-30
30.11.1978,Клеопатра,Деткова,Артуровна,675,30.0,11.0,1978.0,1978-11-30
30.12.1978,Конкордия,Детнева,Архиповна,676,30.0,12.0,1978.0,1978-12-30
30.01.1979,Ксения,Деточкина,Асафовна,677,30.0,1.0,1979.0,1979-01-30
28.02.1979,Лада,Детушкина,Асафьевна,678,28.0,2.0,1979.0,1979-02-28
30.03.1979,Лариса,Деулина,Аскольдовна,679,30.0,3.0,1979.0,1979-03-30
30.04.1979,Леокадия,Дехтерева,Афанасьевна,680,30.0,4.0,1979.0,1979-04-30
30.05.1979,Лиана,Джавадова,Афиногеновна,681,30.0,5.0,1979.0,1979-05-30
30.06.1979,Лидия,Джура,Африкановна,682,30.0,6.0,1979.0,1979-06-30
05.10.1986,Август,Абаимов,Бенедиктович,683,5.0,10.0,1986.0,1986-10-05
2-янв-1990,Авдей,Абакумов,Богданович,684,2.0,1.0,1990.0,1990-01-02
12.янв.90,Аверкий,Абакшин,Болеславович,685,12.0,1.0,1990.0,1990-01-12
15 августа 1957,Аверьян,Абалакин,Бонифатович,686,15.0,8.0,1957.0,1957-08-15
15 мая 1954,Авксентий,Абалаков,Бонифатиевич,687,15.0,5.0,1954.0,1954-05-15
08.май.54,Автоном,Абалдуев,Борисович,688,8.0,5.0,1954.0,1954-05-08
15.сен.56,Агап,Абалкин,Бориславович,689,15.0,9.0,1956.0,1956-09-15
25 мак 59,Агафон,Абатурин,Брониславович,690,25.0,5.0,1959.0,1959-05-25
15.12.1845,Аггей,Абатуров,Вавилич,691,15.0,12.0,1845.0,1845-12-15
1947,Адам,Абашев,Вадимович,692,,,1947.0,
1951 год,Андриян,Абашин,Валентинович,693,,,1951.0,
1986 Feb 10 Питер,Азарий,Абашкин,Валерианович,694,10.0,2.0,1986.0,1986-02-10
10.05.1986,Аким,Абаянцев,Валерьянович,695,10.0,5.0,1986.0,1986-05-10
05.05.1986,Александр,Абдула,Валериевич,696,5.0,5.0,1986.0,1986-05-05
19861005 Москва,Алексей,Абдулин,Варламович,697,5.0,10.0,1986.0,1986-10-05
25.05.1986,Амвросий,Абдулов,Варламиевич,698,25.0,5.0,1986.0,1986-05-25
04.05.1986,Амос,Абоимов,Варнавич,699,4.0,5.0,1986.0,1986-05-04
5-10-1986 город Коломна,Ананий,Абраменко,Варсонофович,700,5.0,10.0,1986.0,1986-10-05
05.05.1952,Анатолий,Абрамкин,Варсонофиевич,701,5.0,5.0,1952.0,1952-05-05
05.01.1986,Андрей,Абрамов,Варфоломеевич,702,5.0,1.0,1986.0,1986-01-05
05.10.1906,Андрон,Борищенко,Васильевич,703,5.0,10.0,1906.0,1906-10-05
05.10.1986,Андроник,Борков,Вассианович,704,5.0,10.0,1986.0,1986-10-05
05.10.1986,Аникей,Борковский,Велизарович,705,5.0,10.0,1986.0,1986-10-05
дата 05101986,Аникита,Боровик,Велимирович,706,5.0,10.0,1986.0,1986-10-05
дата 15 January 1959,Анисим,Боровицкий,Венедиктович,707,15.0,1.0,1959.0,1959-01-15
дата 1986/05 Москва,Антип,Боровко,Вениаминович,708,,,1986.0,
дата рождения 5.10.1986,Антонин,Боровков,Веньяминович,709,5.0,10.0,1986.0,1986-10-05
рождения 05/10/1986Москва,Аполлинарий,Боровлев,Венцеславович,710,5.0,10.0,1986.0,1986-10-05
05.10.1987,Аполлон,Боровов,Викентиевич,711,5.0,10.0,1987.0,1987-10-05
12.янв.91,Арефий,Боровой,Викторович,712,12.0,1.0,1991.0,1991-01-12
16 августа 1957,Аристарх,Бородин,Викториевич,713,16.0,8.0,1957.0,1957-08-16
16 мая 1954,Аркадий,Бородинов,Викулович,714,16.0,5.0,1954.0,1954-05-16
16.сен.56,Арсений,Бородихин,Викулич,715,16.0,9.0,1956.0,1956-09-16
15.12.1846,Артемий,Бородулин,Виленович,716,15.0,12.0,1846.0,1846-12-15
1948,Артем,Бородыня,Вильгельмович,717,,,1948.0,
1952 год,Архип,Бороздин,Виссарионович,718,,,1952.0,
1987 Feb 10 Питер,Аскольд,Боронин,Виталиевич,719,10.0,2.0,1987.0,1987-02-10
09.05.1986,Афанасий,Бортенев,Витольдович,720,9.0,5.0,1986.0,1986-05-09
13.05.1986,Афиноген,Бортников,Владиленович,721,13.0,5.0,1986.0,1986-05-13
19861005 Москва,Бажен,Борыков,Владимирович,722,5.0,10.0,1986.0,1986-10-05
25.05.1987,Богдан,Борягин,Владиславович,723,25.0,5.0,1987.0,1987-05-25
04.05.1987,Болеслав,Боряков,Владленович,724,4.0,5.0,1987.0,1987-05-04
5-10-1986 город Коломна,Борис,yосолаев,Власович,725,5.0,10.0,1986.0,1986-10-05
05.05.1953,Борислав,Босулаев,Власиевич,726,5.0,5.0,1953.0,1953-05-05
05.01.1987,Боян,Босый,Вонифатович,727,5.0,1.0,1987.0,1987-01-05
05.10.1966,Бронислав,Боталов,Вонифатиевич,728,5.0,10.0,1966.0,1966-10-05
05.10.1946,Будимир,Боташев,Всеволодович,729,5.0,10.0,1946.0,1946-10-05
05.10.1987,Вадим,Боташов,Всеславович,730,5.0,10.0,1987.0,1987-10-05
дата 05101987,Валентин,Ботвин,Вуколович,731,5.0,10.0,1987.0,1987-10-05
дата 15 January 1960,Валерий,Боткин,Вышеславович,732,15.0,1.0,1960.0,1960-01-15
дата 1986/05 Москва,Валерьян,Боцян,Вячеславович,733,,,1986.0,
дата рождения 5.10.1987,Варлаам,Боцяновский,Бенедиктович,734,5.0,10.0,1987.0,1987-10-05
рождения 05/10/1986Москва,Варфоломей,Бочагов,Богданович,735,5.0,10.0,1986.0,1986-10-05
05.10.1988,Василий,Бочарников,Болеславович,736,5.0,10.0,1988.0,1988-10-05
12.янв.92,Вацлав,Бочаров,Бонифатович,737,12.0,1.0,1992.0,1992-01-12
17 августа 1957,Велимир,Бочкарев,Бонифатиевич,738,17.0,8.0,1957.0,1957-08-17
17 мая 1954,Венедикт,Бояринов,Борисович,739,17.0,5.0,1954.0,1954-05-17
17.сен.56,Вениамин,Бояринцев,Бориславович,740,17.0,9.0,1956.0,1956-09-17
15.12.1847,Викентий,Боярский,Брониславович,741,15.0,12.0,1847.0,1847-12-15
1949,Виктор,Боярышников,Вавилич,742,,,1949.0,
1953 год,Викторин,Брагин,Вадимович,743,,,1953.0,
1988 Feb 10 Питер,Виссарион,Бражин,Валентинович,744,10.0,2.0,1988.0,1988-02-10
17.05.1986,Виталий,Бражкин,Валерианович,745,17.0,5.0,1986.0,1986-05-17
21.05.1986,Владилен,Бражник,Валерьянович,746,21.0,5.0,1986.0,1986-05-21
19861005 Москва,Владлен,Бражников,Валериевич,747,5.0,10.0,1986.0,1986-10-05
25.05.1988,Владимир,Бражницын,Варламович,748,25.0,5.0,1988.0,1988-05-25
04.05.1988,Владислав,Брайнин,Варламиевич,749,4.0,5.0,1988.0,1988-05-04
5-10-1986 город Коломна,Влас,Брайнович,Варнавич,750,5.0,10.0,1986.0,1986-10-05
05.05.1954,Всеволод,Браславский,Варсонофович,751,5.0,5.0,1954.0,1954-05-05
05.01.1988,Всемил,Браслетов,Варсонофиевич,752,5.0,1.0,1988.0,1988-01-05
05.10.2226,Всеслав,Братанов,Варфоломеевич,753,5.0,10.0,,
05.10.2306,Вышеслав,Братишкин,Васильевич,754,5.0,10.0,,
05.10.1988,Вячеслав,Братищев,Вассианович,755,5.0,10.0,1988.0,1988-10-05
дата 05101988,Гавриил,Братков,Велизарович,756,5.0,10.0,1988.0,1988-10-05
дата 15 January 1961,Галактион,Братухин,Велимирович,757,15.0,1.0,1961.0,1961-01-15
дата 1986/05 Москва,Гедеон,Братцев,Венедиктович,758,,,1986.0,
дата рождения 5.10.1988,Геннадий,Братчиков,Вениаминович,759,5.0,10.0,1988.0,1988-10-05
рождения 05/10/1982Москва,Георгий,Бредихин,Веньяминович,760,5.0,10.0,1982.0,1982-10-05
05.10.1989,Герасим,Брежнев,Венцеславович,761,5.0,10.0,1989.0,1989-10-05
12.янв.93,Герман,Брежной,Викентиевич,762,12.0,1.0,1993.0,1993-01-12
18 августа 1957,Глеб,Брежный,Викторович,763,18.0,8.0,1957.0,1957-08-18
18 мая 1954,Гордей,Выскубов,Викториевич,764,18.0,5.0,1954.0,1954-05-18
18.сен.56,Гостомысл,Высокий,Викулович,765,18.0,9.0,1956.0,1956-09-18
15.12.1848,Гремислав,Высоких,Викулич,766,15.0,12.0,1848.0,1848-12-15
1950,Григорий,Высоков,Виленович,767,,,1950.0,
1954 год,Гурий,Высокович,Вильгельмович,768,,,1954.0,
1989 Feb 10 Питер,Давыд,Высокоостровский,Виссарионович,769,10.0,2.0,1989.0,1989-02-10
25.05.1986,Данила,Высоцкий,Виталиевич,770,25.0,5.0,1986.0,1986-05-25
29.05.1986,Дементий,Вытчиков,Витольдович,771,29.0,5.0,1986.0,1986-05-29
19861005 Москва,Демид,Выходцев,Владиленович,772,5.0,10.0,1986.0,1986-10-05
25.05.1989,Демьян,Вычегжанин,Владимирович,773,25.0,5.0,1989.0,1989-05-25
04.05.1989,Денис,Вычегжанинов,Владиславович,774,4.0,5.0,1989.0,1989-05-04
5-10-1986 город Коломна,Дмитрий,Вышегородцев,Владленович,775,5.0,10.0,1986.0,1986-10-05
05.05.1955,Добромысл,Вышеградский,Власович,776,5.0,5.0,1955.0,1955-05-05
05.01.1989,Доброслав,Вышеславцев,Власиевич,777,5.0,1.0,1989.0,1989-01-05
05.10.1986,Дорофей,Вышняков,Вонифатович,778,5.0,10.0,1986.0,1986-10-05
05.10.1966,Евгений,Вьюниченко,Вонифатиевич,779,5.0,10.0,1966.0,1966-10-05
05.10.1989,Евграф,Вьюрков,Всеволодович,780,5.0,10.0,1989.0,1989-10-05
дата 05101989,Евдоким,Вьющенко,Всеславович,781,5.0,10.0,1989.0,1989-10-05
дата 15 January 1962,Евлампий,Вязгин,Вуколович,782,15.0,1.0,1962.0,1962-01-15
дата 1986/05 Москва,Евсей,Вязгунов,Вышеславович,783,,,1986.0,
дата рождения 5.10.1989,Евстафий,Вяземский,Вячеславович,784,5.0,10.0,1989.0,1989-10-05
рождения 05/10/1986Москва,Евстигней,Вяземцев,Бенедиктович,785,5.0,10.0,1986.0,1986-10-05
05.10.1990,Егор,Вязников,Богданович,786,5.0,10.0,1990.0,1990-10-05
12.янв.94,Елизар,Вязов,Болеславович,787,12.0,1.0,1994.0,1994-01-12
19 августа 1957,Елисей,Вязовкин,Бонифатович,788,19.0,8.0,1957.0,1957-08-19
19 мая 1954,Емельян,Вязовой,Бонифатиевич,789,19.0,5.0,1954.0,1954-05-19
19.сен.56,Епифан,Вязьмитин,Борисович,790,19.0,9.0,1956.0,1956-09-19
15.12.1849,Еремей,Вязьмитинов,Бориславович,791,15.0,12.0,1849.0,1849-12-15
1951,Ермил,Вялов,Брониславович,792,,,1951.0,
1955 год,Ермолай,Вяльцев,Вавилич,793,,,1955.0,
1990 Feb 10 Питер,Ерофей,Вяткин,Вадимович,794,10.0,2.0,1990.0,1990-02-10
31.05.1986,Ефим,Вятков,Валентинович,795,31.0,5.0,1986.0,1986-05-31
27.05.1986,Ефрем,Вятчинин,Валерианович,796,27.0,5.0,1986.0,1986-05-27
19861005 Москва,Захар,Вяхирев,Валерьянович,797,5.0,10.0,1986.0,1986-10-05
25.05.1990,Зиновий,Вяхорев,Валериевич,798,25.0,5.0,1990.0,1990-05-25
04.05.1990,Зосима,Вячеславлев,Варламович,799,4.0,5.0,1990.0,1990-05-04
5-10-1986 город Коломна,Иван,Вячеславов,Варламиевич,800,5.0,10.0,1986.0,1986-10-05
05.05.1956,Игнатий,Вячеслов,Варнавич,801,5.0,5.0,1956.0,1956-05-05
05.01.1990,Игорь,Голубович,Варсонофович,802,5.0,1.0,1990.0,1990-01-05
05.10.1946,Измаил,Голубовский,Варсонофиевич,803,5.0,10.0,1946.0,1946-10-05
05.10.1986,Изот,Голубоцкий,Варфоломеевич,804,5.0,10.0,1986.0,1986-10-05
05.10.1990,Изяслав,Голубушкин,Васильевич,805,5.0,10.0,1990.0,1990-10-05
дата 05101990,Иларион,Голубцов,Вассианович,806,5.0,10.0,1990.0,1990-10-05
дата 15 January 1963,Илья,Голубчик,Велизарович,807,15.0,1.0,1963.0,1963-01-15
дата 1986/05 Москва,Иннокентий,Голубятников,Велимирович,808,,,1986.0,
дата рождения 5.10.1990,Осип,Голузин,Венедиктович,809,5.0,10.0,1990.0,1990-10-05
рождения 05/10/1986Москва,Ипат,Голутвин,Вениаминович,810,5.0,10.0,1986.0,1986-10-05
05.10.1991,Ипатий,Голчин,Веньяминович,811,5.0,10.0,1991.0,1991-10-05
12.янв.95,Ипполит,Голыгин,Венцеславович,812,12.0,1.0,1995.0,1995-01-12
20 августа 1957,Ираклий,Голышев,Викентиевич,813,20.0,8.0,1957.0,1957-08-20
20 мая 1954,Исай,Голышевский,Викторович,814,20.0,5.0,1954.0,1954-05-20
20.сен.56,Исидор,Голышкин,Викториевич,815,20.0,9.0,1956.0,1956-09-20
15.12.1850,Казимир,Гольдин,Викулович,816,15.0,12.0,1850.0,1850-12-15
1952,Каллистрат,Гольцев,Викулич,817,,,1952.0,
1956 год,Капитон,Гольцов,Виленович,818,,,1956.0,
1991 Feb 10 Питер,Карл,Голягин,Вильгельмович,819,10.0,2.0,1991.0,1991-02-10
01.05.1986,Карп,Голядкин,Виссарионович,820,1.0,5.0,1986.0,1986-05-01
14.05.1986,Касьян,Голямов,Виталиевич,821,14.0,5.0,1986.0,1986-05-14
19861005 Москва,Ким,Гомбоев,Витольдович,822,5.0,10.0,1986.0,1986-10-05
25.05.1991,Кир,Гомбурцев,Владиленович,823,25.0,5.0,1991.0,1991-05-25
04.05.1991,Кирилл,Гомеров,Владимирович,824,4.0,5.0,1991.0,1991-05-04
5-10-1986 город Коломна,Клавдий,Гомзиков,Владиславович,825,5.0,10.0,1986.0,1986-10-05
05.05.1957,Клементий,Гомзин,Владленович,826,5.0,5.0,1957.0,1957-05-05
05.01.1991,Кондрат,Гомзяков,Власович,827,5.0,1.0,1991.0,1991-01-05
05.10.1981,Кондратий,Гомозин,Власиевич,828,5.0,10.0,1981.0,1981-10-05
05.10.1996,Конон,Гомозов,Вонифатович,829,5.0,10.0,1996.0,1996-10-05
05.10.1991,Константин,Гомоюнов,Вонифатиевич,830,5.0,10.0,1991.0,1991-10-05
дата 05101991,Корней,Гондобин,Всеволодович,831,5.0,10.0,1991.0,1991-10-05
дата 15 January 1964,Кузьма,Гондырев,Всеславович,832,15.0,1.0,1964.0,1964-01-15
дата 1986/05 Москва,Куприян,Гонимедов,Вуколович,833,,,1986.0,
дата рождения 5.10.1991,Лавр,Гонобобелев,Вышеславович,834,5.0,10.0,1991.0,1991-10-05
рождения 05/10/1986Москва,Лаврентий,Гонобоблев,Вячеславович,835,5.0,10.0,1986.0,1986-10-05
05.10.1992,Ладимир,Гонохов,Абакумович,836,5.0,10.0,1992.0,1992-10-05
12.янв.96,Ладислав,Гоношилин,Абрамович,837,12.0,1.0,1996.0,1996-01-12
21 августа 1957,Лазарь,Гоношин,Абросимович,838,21.0,8.0,1957.0,1957-08-21
21 мая 1954,Лев,Гоношихин,Аввакумович,839,21.0,5.0,1954.0,1954-05-21
21.сен.56,Леон,Гонтарев,Августович,840,21.0,9.0,1956.0,1956-09-21
15.12.1851,Леонид,Гонтаров,Авдеевич,841,15.0,12.0,1851.0,1851-12-15
1953,Леонтий,Гонтарук,Авдиевич,842,,,1953.0,
1957 год,Лонгин,Гонтарь,Авелевич,843,,,1957.0,
1992 Feb 10 Питер,Августа,Гонцова,Авенировна,844,10.0,2.0,1992.0,1992-02-10
19.05.1986,Агата,Гончарова,Авериевна,845,19.0,5.0,1986.0,1986-05-19
20.05.1986,Агафья,Гончаренко,Аверкиевна,846,20.0,5.0,1986.0,1986-05-20
19861005 Москва,Аглая,Гончарик,Аверьяновна,847,5.0,10.0,1986.0,1986-10-05
25.05.1992,Агнесса,Гончарова,Авксентиевна,848,25.0,5.0,1992.0,1992-05-25
04.05.1992,Агния,Гончарук,Авраамовна,849,4.0,5.0,1992.0,1992-05-04
5-10-1986 город Коломна,Аграфена,Гораздова,Авраамиевна,850,5.0,10.0,1986.0,1986-10-05
05.05.1958,Агриппина,Горбаневская,Аврамовна,851,5.0,5.0,1958.0,1958-05-05
05.01.1992,Ада,Горбань,Аврамьевна,852,5.0,1.0,1992.0,1992-01-05
05.10.1990,Аделаида,Горбатко,Аврелиановна,853,5.0,10.0,1990.0,1990-10-05
05.10.1994,Аза,Горбаткова,Автономовна,854,5.0,10.0,1994.0,1994-10-05
05.10.1992,Алевтина,Горбатова,Агаповна,855,5.0,10.0,1992.0,1992-10-05
дата 05101992,Александра,Горбачева,Агапиевна,856,5.0,10.0,1992.0,1992-10-05
дата 15 January 1965,Алина,Горбатых,Агапитовна,857,15.0,1.0,1965.0,1965-01-15
дата 1986/05 Москва,Алиса,Горбач,Агафоновна,858,,,1986.0,
дата рождения 5.10.1992,Алла,Горбачева,Аггеевна,859,5.0,10.0,1992.0,1992-10-05
рождения 05/10/1986Москва,Альбина,Горбачевский,Адамовна,860,5.0,10.0,1986.0,1986-10-05
05.10.1993,Анастасия,Горбаченко,Адриановна,861,5.0,10.0,1993.0,1993-10-05
12.янв.97,Ангелина,Горбенко,Азаровна,862,12.0,1.0,1997.0,1997-01-12
22 августа 1957,Анисья,Горбенкова,Азариевна,863,22.0,8.0,1957.0,1957-08-22
22 мая 1954,Анна,Горбова,Акакиевна,864,22.0,5.0,1954.0,1954-05-22
22.сен.56,Антонида,Горбоносов,Акимовна,865,22.0,9.0,1956.0,1956-09-22
15.12.1852,Антонина,Горбунина,Акиндиновна,866,15.0,12.0,1852.0,1852-12-15
1954,Анфиса,Горбункова,Акинфовна,867,,,1954.0,
1958 год,Аполлинария,Горбунова,Акинфиевна,868,,,1958.0,
1993 Feb 10 Питер,Ариадна,Горбунчикова,Аксёновна,869,10.0,2.0,1993.0,1993-02-10
27.05.1986,Беатриса,Горбушина,Аксентиевна,870,27.0,5.0,1986.0,1986-05-27
10.05.1986,Берта,Горбушова,Александровна,871,10.0,5.0,1986.0,1986-05-10
19861005 Москва,Борислава,Демьяненко,Алексеевна,872,5.0,10.0,1986.0,1986-10-05
25.05.1993,Бронислава,Демьянец,Алексиевна,873,25.0,5.0,1993.0,1993-05-25
04.05.1993,Валентина,Демьянова,Альбертовна,874,4.0,5.0,1993.0,1993-05-04
5-10-1986 город Коломна,Валерия,Демьяновская,Альфредовна,875,5.0,10.0,1986.0,1986-10-05
05.05.1959,Ванда,Демьянок,Амвросиевна,876,5.0,5.0,1959.0,1959-05-05
05.01.1993,Варвара,Демьянчук,Амосовна,877,5.0,1.0,1993.0,1993-01-05
05.10.1947,Василиса,Демяник,Амфилохиевна,878,5.0,10.0,1947.0,1947-10-05
05.10.1943,Васса,Демянко,Ананиевна,879,5.0,10.0,1943.0,1943-10-05
05.10.1993,Вера,Демянова,Анастасиевна,880,5.0,10.0,1993.0,1993-10-05
дата 05101993,Вероника,Демяновская,Анатолиевна,881,5.0,10.0,1993.0,1993-10-05
дата 15 January 1966,Викторина,Деникина,Андреевна,882,15.0,1.0,1966.0,1966-01-15
дата 1986/05 Москва,Виктория,Денисевич,Андриановна,883,,,1986.0,
дата рождения 5.10.1993,Виргиния,Денисенко,Андроновна,884,5.0,10.0,1993.0,1993-10-05
рождения 05/10/1986Москва,Влада,Денисова,Андрониевна,885,5.0,10.0,1986.0,1986-10-05
05.10.1994,Владилена,Денисович,Андрониковна,886,5.0,10.0,1994.0,1994-10-05
12.янв.98,Владлена,Денисычева,Аникеевна,887,12.0,1.0,1998.0,1998-01-12
23 августа 1957,Владислава,Денисьева,Аникиевна,888,23.0,8.0,1957.0,1957-08-23
23 мая 1954,Власта,Денисюк,Аникитична,889,23.0,5.0,1954.0,1954-05-23
23.сен.56,Всеслава,Денюхина,Анисиевна,890,23.0,9.0,1956.0,1956-09-23
15.12.1853,Галина,Денягина,Анисимовна,891,15.0,12.0,1853.0,1853-12-15
1955,Галя,Денякина,Антиоховна,892,,,1955.0,
1959 год,Ганна,Деплоранская,Антиповна,893,,,1959.0,
1994 Feb 10 Питер,Генриетта,Депутатова,Антипична,894,10.0,2.0,1994.0,1994-02-10
16.05.1986,Глафира,Дербенева,Антипиевна,895,16.0,5.0,1986.0,1986-05-16
19.05.1986,Горислава,Дербина,Антоновна,896,19.0,5.0,1986.0,1986-05-19
19861005 Москва,Дарья,Дербышева,Антониновна,897,5.0,10.0,1986.0,1986-10-05
25.05.1994,Диана,Дергачова,Антроповна,898,25.0,5.0,1994.0,1994-05-25
04.05.1994,Дина,Деревщикова,Антропиевна,899,4.0,5.0,1994.0,1994-05-04
5-10-1986 город Коломна,Доминика,Деревягина,Ануфриевна,900,5.0,10.0,1986.0,1986-10-05
05.05.1960,Домна,Деревянкина,Аполлинариевиx,901,5.0,5.0,1960.0,1960-05-05
05.01.1994,Ева,Деревянникова,Аполлоновна,902,5.0,1.0,1994.0,1994-01-05
05.10.1983,Евгеиня,Деревяшкина,Аполлосовна,903,5.0,10.0,1983.0,1983-10-05
05.10.1987,Евдокия,Державец,Ардалионовна,904,5.0,10.0,1987.0,1987-10-05
05.10.1994,Евлампия,Державина,Ардальоновна,905,5.0,10.0,1994.0,1994-10-05
дата 05101994,Екатерина,Державцева,Арефовна,906,5.0,10.0,1994.0,1994-10-05
дата 15 January 1967,Елена,Деркач,Арефьевна,907,15.0,1.0,1967.0,1967-01-15
дата 1986/05 Москва,Елизавета,Деркачова,Арьевна,908,,,1986.0,
дата рождения 5.10.1994,Ефросинья,Дерюгина,Аристарховна,909,5.0,10.0,1994.0,1994-10-05
рождения 05/10/1986Москва,Жанна,Дерябина,Аристидовна,910,5.0,10.0,1986.0,1986-10-05
05.10.1995,Зинаида,Дерягина,Аркадьевна,911,5.0,10.0,1995.0,1995-10-05
12.янв.99,Злата,Десницкая,Арнольдовна,912,12.0,1.0,1999.0,1999-01-12
24 августа 1957,Зоя,Десяткина,Ароновна,913,24.0,8.0,1957.0,1957-08-24
24 мая 1954,Изабелла,Десятова,Арсеновна,914,24.0,5.0,1954.0,1954-05-24
24.сен.56,Изольда,Деткина,Арсеньевна,915,24.0,9.0,1956.0,1956-09-24
15.12.1854,Инга,Деткова,Арсентьевна,916,15.0,12.0,1854.0,1854-12-15
1956,Инесса,Детнева,Артамоновна,917,,,1956.0,
1960 год,Инна,Деточкина,Артёмовна,918,,,1960.0,
1995 Feb 10 Питер,Ираида,Детушкина,Артемьевна,919,10.0,2.0,1995.0,1995-02-10
11.05.1986,Ирина,Деулина,Артуровна,920,11.0,5.0,1986.0,1986-05-11
17.05.1986,Ия,Дехтерева,"Архипович, Архиповна",921,17.0,5.0,1986.0,1986-05-17
19861005 Москва,Казимира,Джавадова,Асафовна,922,5.0,10.0,1986.0,1986-10-05
25.05.1995,Калерия,Джура,Асафьевна,923,25.0,5.0,1995.0,1995-05-25
04.05.1995,Капитолина,Дзенискевич,Аскольдовна,924,4.0,5.0,1995.0,1995-05-04
5-10-1986 город Коломна,Каролина,Дзюбина,Афанасьевна,925,5.0,10.0,1986.0,1986-10-05
05.05.1961,Кира,Дианина,Афиногеновна,926,5.0,5.0,1961.0,1961-05-05
05.01.1995,Клавдия,Дианова,Африкановна,927,5.0,1.0,1995.0,1995-01-05
05.10.1951,Клара,Диденко,Артамоновна,928,5.0,10.0,1951.0,1951-10-05
05.10.1960,Кларисса,Дидоренко,Артёмовна,929,5.0,10.0,1960.0,1960-10-05
05.10.1995,Клементина,Деткина,Артемьевна,930,5.0,10.0,1995.0,1995-10-05
дата 05101995,Клеопатра,Деткова,Артуровна,931,5.0,10.0,1995.0,1995-10-05
дата 15 January 1968,Конкордия,Детнева,"Архипович, Архиповна",932,15.0,1.0,1968.0,1968-01-15
дата 1986/05 Москва,Ксения,Деточкина,Асафовна,933,,,1986.0,
дата рождения 5.10.1995,Лада,Детушкина,Асафьевна,934,5.0,10.0,1995.0,1995-10-05
рождения 05/10/1986Москва,Лариса,Деулина,Аскольдовна,935,5.0,10.0,1986.0,1986-10-05
05.10.1996,Леокадия,Дехтерева,Афанасьевна,936,5.0,10.0,1996.0,1996-10-05
12.янв.00,Лиана,Джавадова,Афиногеновна,937,12.0,1.0,1900.0,1900-01-12
25 августа 1957,Лидия,Джура,Африкановна,938,25.0,8.0,1957.0,1957-08-25
25 мая 1954,Лилиана,Дзенискевич,Артамоновна,939,25.0,5.0,1954.0,1954-05-25
25.сен.56,Измаил,Жабенков,Захарович,940,25.0,9.0,1956.0,1956-09-25
15.12.1855,Изот,Жабин,Захариевич,941,15.0,12.0,1855.0,1855-12-15
1957,Изяслав,Жабинский,Зенонович,942,,,1957.0,
1961 год,Иларион,Жабко,Зиновиевич,943,,,1961.0,
1996 Feb 10 Питер,Илья,Жабоедов,Зосимович,944,10.0,2.0,1996.0,1996-02-10
18.05.1986,Иннокентий,Жабрак,Зосимч,945,18.0,5.0,1986.0,1986-05-18
15.05.1986,Осип,Жабрук,Иакимович,946,15.0,5.0,1986.0,1986-05-15
19861005 Москва,Ипат,Жаворонков,Иакинфович,947,5.0,10.0,1986.0,1986-10-05
25.05.1996,Ипатий,Жаврук,Иванович,948,25.0,5.0,1996.0,1996-05-25
04.05.1996,Ипполит,Жаданов,Игнатович,949,4.0,5.0,1996.0,1996-05-04
5-10-1986 город Коломна,Ираклий,Жаднов,Игнатиевич,950,5.0,10.0,1986.0,1986-10-05
05.05.1962,Исай,Жадный,Игоревич,951,5.0,5.0,1962.0,1962-05-05
05.01.1996,Исидор,Жадобин,Иеронимович,952,5.0,1.0,1996.0,1996-01-05
05.10.1988,Казимир,Жадов,Измаилович,953,5.0,10.0,1988.0,1988-10-05
05.10.1947,Каллистрат,Жадовский,Изосимович,954,5.0,10.0,1947.0,1947-10-05
05.10.1996,Капитон,Жаков,Изотович,955,5.0,10.0,1996.0,1996-10-05
дата 05101996,Карл,Жалобин,Изяславович,956,5.0,10.0,1996.0,1996-10-05
дата 15 January 1969,Карп,Жальба,Илиодорович,957,15.0,1.0,1969.0,1969-01-15
дата 1986/05 Москва,Касьян,Жаравин,Илларионович,958,,,1986.0,
дата рождения 5.10.1996,Ким,Жаравихин,Иларионович,959,5.0,10.0,1996.0,1996-10-05
рождения 05/10/1986Москва,Кир,Жаравлев,Ильич,960,5.0,10.0,1986.0,1986-10-05
05.10.1981,Кирилл,Жаренов,Иннокентиевич,961,5.0,10.0,1981.0,1981-10-05
12.янв.01,Клавдий,Жареный,Иоаннович,962,12.0,1.0,1901.0,1901-01-12
26 августа 1957,Клементий,Жариков,Иович,963,26.0,8.0,1957.0,1957-08-26
26 мая 1954,Кондрат,Жарин,Ионич,964,26.0,5.0,1954.0,1954-05-26
26.сен.56,Кондратий,Жарких,Иосафатович,965,26.0,9.0,1956.0,1956-09-26
15.12.1956,Конон,Жарков,Иосифович,966,15.0,12.0,1956.0,1956-12-15
1958,Константин,Жаров,Ипатович,967,,,1958.0,
1962 год,Корней,Жаровский,Ипатиевич,968,,,1962.0,
1981 Feb 10 Питер,Кузьма,Жарун,Ипполитович,969,10.0,2.0,1981.0,1981-02-10
05.05.1986,Куприян,Жбанков,Ираклиевич,970,5.0,5.0,1986.0,1986-05-05
1986.0509,Лавр,Жбанников,Иринархович,971,,,1986.0,
19861005 Москва,Лаврентий,Жбанов,Иринеевич,972,5.0,10.0,1986.0,1986-10-05
25.05.1981,Ладимир,Жваликовский,Исаакович,973,25.0,5.0,1981.0,1981-05-25
04.05.1981,Ладислав,Жвалов,Исаакиевич,974,4.0,5.0,1981.0,1981-05-04
5-10-1986 город Коломна,Лазарь,Жданеня,Исаевич,975,5.0,10.0,1986.0,1986-10-05
05.05.1963,Лев,Жданкин,Исакович,976,5.0,5.0,1963.0,1963-05-05
05.01.1981,Леон,Жданович,Исакиевич,977,5.0,1.0,1981.0,1981-01-05
05.10.1966,Леонид,Ждахин,Исидорович,978,5.0,10.0,1966.0,1966-10-05
05.10.1946,Сидор,Жебов,Иустинович,979,5.0,10.0,1946.0,1946-10-05
05.10.1981,Сила,Жебра,Казимирович,980,5.0,10.0,1981.0,1981-10-05
дата 05101981,Силантий,Жебраков,Каллиникович,981,5.0,10.0,1981.0,1981-10-05
дата 15 January 1970,Сильвестр,Жебрун,Каллистович,982,15.0,1.0,1970.0,1970-01-15
дата 1986/05 Москва,Симон,Жебрунов,Каллистратович,983,,,1986.0,
дата рождения 5.10.1981,Сократ,Жевакин,Капитонович,984,5.0,10.0,1981.0,1981-10-05
рождения 05/10/1986Москва,Соломон,Жевнеров,Карионович,985,5.0,10.0,1986.0,1986-10-05
05.10.1998,Софон,Жевнин,Карлович,986,5.0,10.0,1998.0,1998-10-05
12.янв.02,Софрон,Жегалин,Карпович,987,12.0,1.0,1902.0,1902-01-12
27 августа 1957,Спартак,Жегалов,Касьянович,988,27.0,8.0,1957.0,1957-08-27
27 мая 1954,Спиридон,Жеглов,Кимович,989,27.0,5.0,1954.0,1954-05-27
27.сен.56,Станимир,Жегулев,Киприанови,990,27.0,9.0,1956.0,1956-09-27
15.12.1857,Станислав,Жегулин,Кирович,991,15.0,12.0,1857.0,1857-12-15
1959,Степан,Желваков,Кириакович,992,,,1959.0,
1963 год,Стоян,Желватых,Кирьякович,993,,,1963.0,
1998 Feb 10 Питер,Тарас,Желдаков,Кирикович,994,10.0,2.0,1998.0,1998-02-10
09.05.1986,Твердислав,Железников,Кириллович,995,9.0,5.0,1986.0,1986-05-09
10.05.1986,Творимир,Железнов,Кирсанович,996,10.0,5.0,1986.0,1986-05-10
19861005 Москва,Терентий,Железный,Клавдиевич,997,5.0,10.0,1986.0,1986-10-05
25.05.1998,Тимофей,Железняк,Климович,998,25.0,5.0,1998.0,1998-05-25
04.05.1998,Тимур,Железняка,Климентович,999,4.0,5.0,1998.0,1998-05-04
5-10-1986 город Коломна,Тит,Железняков,Климентиевич,1000,5.0,10.0,1986.0,1986-10-05
05.05.1964,Тихон,Желнин,Кондратович,1001,5.0,5.0,1964.0,1964-05-05
05.01.1998,Трифон,Желнинский,Кондратиевич,1002,5.0,1.0,1998.0,1998-01-05
05.10.1926,Трофим,Желтиков,Кононович,1003,5.0,10.0,1926.0,1926-10-05
05.10.1999,Ульян,Желтобрюхов,Конрадович,1004,5.0,10.0,1999.0,1999-10-05
05.10.1998,Устин,Желтов,Константинович,1005,5.0,10.0,1998.0,1998-10-05
дата 05101998,Фадей,Желтоногов,Корнеевич,1006,5.0,10.0,1998.0,1998-10-05
дата 15 January 1971,Федор,Желтоножко,Корнелиевич,1007,15.0,1.0,1971.0,1971-01-15
дата 1986/05 Москва,Федосий,Желтонос,Корнилович,1008,,,1986.0,
дата рождения 5.10.1998,Федот,Иваков,Корнилиевич,1009,5.0,10.0,1998.0,1998-10-05
рождения 05/10/1986Москва,Феликс,Иванаев,Ксенофонтович,1010,5.0,10.0,1986.0,1986-10-05
05.10.1999,Феоктист,Иванеев,Кузьмич,1011,5.0,10.0,1999.0,1999-10-05
12.янв.03,Феофан,Иваненко,Куприянович,1012,12.0,1.0,1903.0,1903-01-12
28 августа 1957,Ферапонт,Иваненков,Захарович,1013,28.0,8.0,1957.0,1957-08-28
28 мая 1954,Филарет,Иванец,Захариевич,1014,28.0,5.0,1954.0,1954-05-28
28.сен.56,Филимон,Иваников,Зенонович,1015,28.0,9.0,1956.0,1956-09-28
15.12.1858,Филипп,Иванилов,Зиновиевич,1016,15.0,12.0,1858.0,1858-12-15
1960,Фирс,Иванин,Зосимович,1017,,,1960.0,
1964 год,Флорентин,Иванисов,Зосимч,1018,,,1964.0,
1999 Feb 10 Питер,Фока,Иванихин,Иакимович,1019,10.0,2.0,1999.0,1999-02-10
10.05.1986,Фома,Иваничев,Иакинфович,1020,10.0,5.0,1986.0,1986-05-10
19.05.1986,Фортунат,Иванишев,Иванович,1021,19.0,5.0,1986.0,1986-05-19
19861005 Москва,Фотий,Иванишин,Игнатович,1022,5.0,10.0,1986.0,1986-10-05
25.05.1999,Фрол,Иванишко,Игнатиевич,1023,25.0,5.0,1999.0,1999-05-25
04.05.1999,Харитон,Иванишын,Игоревич,1024,4.0,5.0,1999.0,1999-05-04
5-10-1986 город Коломна,Харлампий,Иванищев,Иеронимович,1025,5.0,10.0,1986.0,1986-10-05
05.05.1965,Христофор,Иванищук,Измаилович,1026,5.0,5.0,1965.0,1965-05-05
05.01.1999,Чеслав,Иванкин,Изосимович,1027,5.0,1.0,1999.0,1999-01-05
05.10.3986,Эдуард,Иванко,Изотович,1028,5.0,10.0,,
05.10.1996,Эммануил,Иванков,Изяславович,1029,5.0,10.0,1996.0,1996-10-05
05.10.1989,Эмиль,Иванников,Илиодорович,1030,5.0,10.0,1989.0,1989-10-05
дата 05101999,Эраст,Иванов,Илларионович,1031,5.0,10.0,1999.0,1999-10-05
дата 15 January 1972,Эрнест,Ивановец,Иларионович,1032,15.0,1.0,1972.0,1972-01-15
дата 1986/05 Москва,Эрнст,Иванович,Ильич,1033,,,1986.0,
дата рождения 5.10.1999,Ювеналий,Ивановский,Иннокентиевич,1034,5.0,10.0,1999.0,1999-10-05
рождения 05/10/1986Москва,Юлиан,Иванский,Иоаннович,1035,5.0,10.0,1986.0,1986-10-05
05.10.1964,Юлий,Ивантеев,Иович,1036,5.0,10.0,1964.0,1964-10-05
12.янв.04,Юрий,Ивантей,Ионич,1037,12.0,1.0,1904.0,1904-01-12
29 августа 1957,Яков,Ивантьев,Иосафатович,1038,29.0,8.0,1957.0,1957-08-29
29 мая 1954,Ян,Иванусьев,Иосифович,1039,29.0,5.0,1954.0,1954-05-29
29.сен.56,Якуб,Иванушкин,Ипатович,1040,29.0,9.0,1956.0,1956-09-29
15.12.1859,Януарий,Иванцев,Ипатиевич,1041,15.0,12.0,1859.0,1859-12-15
1961,Ярополк,Иванцов,Ипполитович,1042,,,1961.0,
1965 год,Ярослав,Иванченко,Ираклиевич,1043,,,1965.0,
1991 Feb 10 Питер,Мартын,Иванченков,Иринархович,1044,10.0,2.0,1991.0,1991-02-10
22.05.1986,Мартьян,Иванчиков,Иринеевич,1045,22.0,5.0,1986.0,1986-05-22
23.05.1986,Матвей,Иванчин,Исаакович,1046,23.0,5.0,1986.0,1986-05-23
19861005 Москва,Мефодий,Иванчихин,Исаакиевич,1047,5.0,10.0,1986.0,1986-10-05
25.05.1991,Мечислав,Иванчов,Исаевич,1048,25.0,5.0,1991.0,1991-05-25
04.05.1990,Милан,Иваншинцев,Исакович,1049,4.0,5.0,1990.0,1990-05-04
5-10-1986 город Коломна,Милен,Иванычев,Исакиевич,1050,5.0,10.0,1986.0,1986-10-05
05.05.1966,Милий,Иванышкин,Исидорович,1051,5.0,5.0,1966.0,1966-05-05
05.01.1985,Милован,Иваньев,Иустинович,1052,5.0,1.0,1985.0,1985-01-05
05.10.1946,Мина,Иванько,Казимирович,1053,5.0,10.0,1946.0,1946-10-05
05.10.1942,Мир,Иваньков,Каллиникович,1054,5.0,10.0,1942.0,1942-10-05
05.10.1986,Мирон,Иваньшин,Каллистович,1055,5.0,10.0,1986.0,1986-10-05
дата 05101987,Мирослав,Иванюк,Каллистратович,1056,5.0,10.0,1987.0,1987-10-05
дата 15 January 1973,Митофан,Иванюков,Капитонович,1057,15.0,1.0,1973.0,1973-01-15
дата 1986/05 Москва,Михаил,Иванютин,Карионович,1058,,,1986.0,
дата рождения 5.10.1985,Михей,Иванюшин,Карлович,1059,5.0,10.0,1985.0,1985-10-05
рождения 05/10/1986Москва,Модест,Иванянков,Олегович,1060,5.0,10.0,1986.0,1986-10-05
05.10.1973,Моисей,Ивасенко,Олимпиевич,1061,5.0,10.0,1973.0,1973-10-05
12.янв.05,Мокей,Ивасишин,Онисимович,1062,12.0,1.0,1905.0,1905-01-12
30 августа 1957,Мстислав,Ивахин,Онуфриевич,1063,30.0,8.0,1957.0,1957-08-30
30 мая 1954,Назар,Ивахненко,Орестович,1064,30.0,5.0,1954.0,1954-05-30
30.сен.56,Наркис,Ивахно,Осипович,1065,30.0,9.0,1956.0,1956-09-30
15.12.1860,Натан,Ивахнов,Оскарович,1066,15.0,12.0,1860.0,1860-12-15
1962,Наум,Ивахнушкин,Остапович,1067,,,1962.0,
1966 год,Нестор,Ивачев,Павлович,1068,,,1966.0,
1984 Feb 10 Питер,Никандр,Ивашев,Павлинович,1069,10.0,2.0,1984.0,1984-02-10
20.05.1986,Никанор,Ивашенцев,Паисиевич,1070,20.0,5.0,1986.0,1986-05-20
25.07.1986,Никита,Ивашечкин,Палладиевич,1071,25.0,7.0,1986.0,1986-07-25
19861005 Москва,Никифор,Ивашин,Памфилович,1072,5.0,10.0,1986.0,1986-10-05
25.05.1986,Никодим,Ивашиненко,Памфилиевич,1073,25.0,5.0,1986.0,1986-05-25
04.05.1985,Николай,Ивашинников,Панкратович,1074,4.0,5.0,1985.0,1985-05-04
5-10-1986 город Коломна,Никон,Ивашинцов,Панкратиевич,1075,5.0,10.0,1986.0,1986-10-05
05.05.1967,Нифонт,Лабудин,Пантелеевич,1076,5.0,5.0,1967.0,1967-05-05
05.01.1984,Олег,Лабутин,Пантелеймонович,1077,5.0,1.0,1984.0,1984-01-05
05.10.1984,Олимпий,Лабуткин,Панфилович,1078,5.0,10.0,1984.0,1984-10-05
05.10.1986,Онуфрий,Лаверко,Парамонович,1079,5.0,10.0,1986.0,1986-10-05
05.10.1984,Орест,Лаверычев,Парменович,1080,5.0,10.0,1984.0,1984-10-05
дата 05101984,Осип,Лавников,Пармёнович,1081,5.0,10.0,1984.0,1984-10-05
дата 15 January 1974,Остап,Лавренев,Парфёнович,1082,15.0,1.0,1974.0,1974-01-15
дата 1986/05 Москва,Остромир,Лавренко,Парфениевич,1083,,,1986.0,
дата рождения 5.10.1986,Павел,Лавренов,Парфентиевич,1084,5.0,10.0,1986.0,1986-10-05
рождения 05/10/1986Москва,Панкратий,Лавренович,Патрикеевич,1085,5.0,10.0,1986.0,1986-10-05
05.10.1992,Панкрат,Лаврентьев,Патрикиевич,1086,5.0,10.0,1992.0,1992-10-05
12.янв.06,Пантелеймон,Лавренцев,Пафнутиевич,1087,12.0,1.0,1906.0,1906-01-12
31 августа 1957,Панфил,Лавренчук,Пахомович,1088,31.0,8.0,1957.0,1957-08-31
31 мая 1954,Парамон,Лавренюк,Пахомиеви,1089,31.0,5.0,1954.0,1954-05-31
31 сен 56,Парфен,Лаврец,Перфилиевич,1090,31.0,9.0,1956.0,1956-09-31
15.12.1861,Пахом,Лаврив,Петрович,1091,15.0,12.0,1861.0,1861-12-15
1963,Петр,Лаврик,Пименович,1092,,,1963.0,
1967 год,Пимен,Лавриков,Питиримович,1093,,,1967.0,
1994 Feb 10 Питер,Платон,Лавримов,Платонович,1094,10.0,2.0,1994.0,1994-02-10
19.05.1986,Поликарп,Лаврин,Поликарпович,1095,19.0,5.0,1986.0,1986-05-19
13.05.1993,Порфирий,Лавриненко,Поликарпиевич,1096,13.0,5.0,1993.0,1993-05-13
19861005 Москва,Потап,Лавриненков,Порфирович,1097,5.0,10.0,1986.0,1986-10-05
25.05.1990,Пров,Лавринец,Порфириевич,1098,25.0,5.0,1990.0,1990-05-25
04.05.1990,Прокл,Лавринов,Потапович,1099,4.0,5.0,1990.0,1990-05-04
5-10-1986 город Коломна,Прокофий,Лавринович,Потапиевич,1100,5.0,10.0,1986.0,1986-10-05
05.05.1968,Прохор,Лавринцев,Прович,1101,5.0,5.0,1968.0,1968-05-05
05.01.1990,Радим,Лавриченко,Проклович,1102,5.0,1.0,1990.0,1990-01-05
05.10.1989,Радислав,Лаврищев,Прокопович,1103,5.0,10.0,1989.0,1989-10-05
05.10.1987,Радован,Лаврищенко,Прокопиевич,1104,5.0,10.0,1987.0,1987-10-05
05.10.1981,Ратибор,Лавров,Прокофиевич,1105,5.0,10.0,1981.0,1981-10-05
дата 05101980,Ратмир,Лаврович,Протасович,1106,5.0,10.0,1980.0,1980-10-05
дата 15 January 1975,Родион,Лавровский,Протасиевич,1107,15.0,1.0,1975.0,1975-01-15
дата 1986/05 Москва,Роман,Лавронов,Прохорович,1108,,,1986.0,
дата рождения 5.10.1979,Ростислав,Лаврук,Радиевич,1109,5.0,10.0,1979.0,1979-10-05
рождения 05/10/1986Москва,Рубен,Лаврухин,Ратмирович,1110,5.0,10.0,1986.0,1986-10-05
05.10.1971,Руслан,Лаврушин,Рафаилович,1111,5.0,10.0,1971.0,1971-10-05
12.янв.07,Рюрик,Лаврушко,Ремович,1112,12.0,1.0,1907.0,1907-01-12
3 августа 1957,Савва,Лаврущенко,Робертович,1113,3.0,8.0,1957.0,1957-08-03
13 мая 1954,Савватий,Лагодин,Родионович,1114,13.0,5.0,1954.0,1954-05-13
31 сен 56,Савелий,Лагунов,Романович,1115,31.0,9.0,1956.0,1956-09-31
15.12.1862,Самсон,Лагутенок,Ростиславович,1116,15.0,12.0,1862.0,1862-12-15
1964,Самуил,Лагутин,Рубенович,1117,,,1964.0,
1968 год,Светозар,Ладыгин,Рувимович,1118,,,1968.0,
1973 Feb 10 Питер,Святополк,Ладыженский,Рудольфович,1119,10.0,2.0,1973.0,1973-02-10
13.05.1977,Святослав,Ладыжинский,Русланович,1120,13.0,5.0,1977.0,1977-05-13
14.01.1966,Севастьян,Ладыжников,Рюрикович,1121,14.0,1.0,1966.0,1966-01-14
19861005 Москва,Селиван,Ладынин,Ремович,1122,5.0,10.0,1986.0,1986-10-05
25.05.1972,Селиверст,Лажечников,Робертович,1123,25.0,5.0,1972.0,1972-05-25
04.05.1971,Семен,Лазарев,Родионович,1124,4.0,5.0,1971.0,1971-05-04
5-10-1986 город Коломна,Серафим,Лазаревич,Романович,1125,5.0,10.0,1986.0,1986-10-05
05.05.1969,Сергей,Лазаренко,Ростиславович,1126,5.0,5.0,1969.0,1969-05-05
05.01.1971,Сигизмунд,Лазариди,Рубенович,1127,5.0,1.0,1971.0,1971-01-05
05.10.4626,Ксения,Лазаричева,Саввична,1128,5.0,10.0,,
05.10.4706,Лада,Лазебникова,Савватеевна,1129,5.0,10.0,,
05.10.1970,Лариса,Лазлова,Савватьевна,1130,5.0,10.0,1970.0,1970-10-05
дата 05102003,Леокадия,Лазоренко,Савёловна,1131,5.0,10.0,2003.0,2003-10-05
дата 15 January 1976,Лиана,Лазукина,Савельевна,1132,15.0,1.0,1976.0,1976-01-15
05.10.1946,Лидия,Лазунина,Самойловна,1133,5.0,10.0,1946.0,1946-10-05
06.11.1947,Лилиана,Лазурина,Самсоновна,1134,6.0,11.0,1947.0,1947-11-06
07.12.1948,Лилия,Лазутина,Самсоньевна,1135,7.0,12.0,1948.0,1948-12-07
08.01.1950,Лия,Лазуткина,Самуиловна,1136,8.0,1.0,1950.0,1950-01-08
09.02.1951,Луиза,Лазутчикова,Свиридовна,1137,9.0,2.0,1951.0,1951-02-09
12.03.1952,Лукерья,Лазухина,Святополковна,1138,12.0,3.0,1952.0,1952-03-12
13.04.1953,Любава,Лайкина,Святославна,1139,13.0,4.0,1953.0,1953-04-13
15.05.1954,Любовь,Лайкова,Себастьяновна,1140,15.0,5.0,1954.0,1954-05-15
16.06.1955,Любомила,Лакашева,Севастьяновна,1141,16.0,6.0,1955.0,1955-06-16
17.07.1956,Любомира,Лакашина,Севериновна,1142,17.0,7.0,1956.0,1956-07-17
18.08.1957,Людмила,Лакедемонская,Северьяновна,1143,18.0,8.0,1957.0,1957-08-18
19.09.1958,Майя,Лактионова,Селивановна,1144,19.0,9.0,1958.0,1958-09-19
21.10.1959,Мальвина,Лысаева,Селивёрстовна,1145,21.0,10.0,1959.0,1959-10-21
21.11.1960,Маргарита,Лысанова,Селифановна,1146,21.0,11.0,1960.0,1960-11-21
23.12.1961,Марианна,Лысенко,Семёновна,1147,23.0,12.0,1961.0,1961-12-23
24.01.1963,Мариетта,Лысенкова,Серапионовна,1148,24.0,1.0,1963.0,1963-01-24
25.02.1964,Марина,Лысяк,Серафимовна,1149,25.0,2.0,1964.0,1964-02-25
28.03.1965,Мария,Лысякова,Сергеевна,1150,28.0,3.0,1965.0,1965-03-28
29.04.1966,Марта,Лытаева,Сигизмундовна,1151,29.0,4.0,1966.0,1966-04-29
31.05.1967,Марфа,Лыткина,Сидоровна,1152,31.0,5.0,1967.0,1967-05-31
01.07.1968,Меланья,Львова,Силовна,1153,1.0,7.0,1968.0,1968-07-01
02.08.1969,Мелитриса,Львович,Силановна,1154,2.0,8.0,1969.0,1969-08-02
03.09.1970,Милана,Любавина,Силантьевна,1155,3.0,9.0,1970.0,1970-09-03
05.10.1971,Милена,Любавцева,Силуяновна,1156,5.0,10.0,1971.0,1971-10-05
05.11.1972,Милица,Любанина,Сильвановна,1157,5.0,11.0,1972.0,1972-11-05
07.12.1973,Мира,Любарская,Сильвестровна,1158,7.0,12.0,1973.0,1973-12-07
08.01.1975,Мирослава,Любасвкая,Симеоновна,1159,8.0,1.0,1975.0,1975-01-08
09.02.1976,Млада,Любахина,Симоновна,1160,9.0,2.0,1976.0,1976-02-09
12.03.1977,Мстислава,Любашевская,Созоновна,1161,12.0,3.0,1977.0,1977-03-12
13.04.1978,Муза,Любашина,Созонтовна,1162,13.0,4.0,1978.0,1978-04-13
15.05.1979,Надежда,Любвина,Созонтьевна,1163,15.0,5.0,1979.0,1979-05-15
15.06.1980,Наталья,Любезная,Сократовна,1164,15.0,6.0,1980.0,1980-06-15
17.07.1981,Наталия,Любиева,Соломоновна,1165,17.0,7.0,1981.0,1981-07-17
18.08.1982,Неонила,Любимова,Сосипатровна,1166,18.0,8.0,1982.0,1982-08-18
19.09.1983,Ника,Любимцева,Софоновна,1167,19.0,9.0,1983.0,1983-09-19
20.10.1984,Нина,Любимая,Софоньевна,1168,20.0,10.0,1984.0,1984-10-20
21.11.1985,Нинель,Любина,Софроновна,1169,21.0,11.0,1985.0,1985-11-21
23.12.1986,Нона,Любищева,Софроньевна,1170,23.0,12.0,1986.0,1986-12-23
24.01.1988,Оксана,Любкина,Спартаковна,1171,24.0,1.0,1988.0,1988-01-24
24.02.1989,Октябрина,Любовина,Спиридоновна,1172,24.0,2.0,1989.0,1989-02-24
28.03.1990,Олимпиада,Любовцева,Спиридоньевна,1173,28.0,3.0,1990.0,1990-03-28
29.04.1991,Ольга,Любочкина,Станиславна,1174,29.0,4.0,1991.0,1991-04-29
30.05.1992,Пелагея,Любусина,Стахиевна,1175,30.0,5.0,1992.0,1992-05-30
01.07.1993,Поликсена,Любутина,Степановна,1176,1.0,7.0,1993.0,1993-07-01
02.08.1994,Полина,Любухина,Стратониковна,1177,2.0,8.0,1994.0,1994-08-02
03.09.1995,Прасковья,Любушина,Сысоевна,1178,3.0,9.0,1995.0,1995-09-03
04.10.1996,Пульхерия,Любушкина,Тарасовна,1179,4.0,10.0,1996.0,1996-10-04
05.11.1928,Рада,Любченко,Терентьевна,1180,5.0,11.0,1928.0,1928-11-05
07.12.1929,Раиса,Любчика,Тертиевна,1181,7.0,12.0,1929.0,1929-12-07
08.01.1930,Регина,Любятина,Тимофеевна,1182,8.0,1.0,1930.0,1930-01-08
08.02.1931,Рената,Любятинская,Тимуровна,1183,8.0,2.0,1931.0,1931-02-08
12.03.1932,Лада,Люкшина,Титовна,1184,12.0,3.0,1932.0,1932-03-12
13.04.1933,Лариса,Люминарская,Тихоновна,1185,13.0,4.0,1933.0,1933-04-13
14.05.1934,Леокадия,Люсина,Трифоновна,1186,14.0,5.0,1934.0,1934-05-14
15.06.1935,Лиана,Лютикова,Трофимовна,1187,15.0,6.0,1935.0,1935-06-15
17.07.1936,Лидия,Лютихина,Уваровна,1188,17.0,7.0,1936.0,1936-07-17
18.08.1937,Лилиана,Лютова,Уаровна,1189,18.0,8.0,1937.0,1937-08-18
18.09.1938,Лилия,Лютягина,Ульяновна,1190,18.0,9.0,1938.0,1938-09-18
20.10.1939,Лия,Люшина,Устиновна,1191,20.0,10.0,1939.0,1939-10-20
21.11.1940,Луиза,Лягина,Станиславна,1192,21.0,11.0,1940.0,1940-11-21
23.12.1941,Лукерья,Ляднова,Стахиевна,1193,23.0,12.0,1941.0,1941-12-23
23.01.1942,Любава,Лядова,Степановна,1194,23.0,1.0,1942.0,1942-01-23
24.02.1943,Любовь,Лякина,Стратониковна,1195,24.0,2.0,1943.0,1943-02-24
28.03.1944,Любомила,Лякова,Сысоевна,1196,28.0,3.0,1944.0,1944-03-28
28.04.1945,Любомира,Лялечкина,Тарасовна,1197,28.0,4.0,1945.0,1945-04-28
30.05.1946,Людмила,Лялина,Терентьевна,1198,30.0,5.0,1946.0,1946-05-30
01.07.1947,Майя,Лялькина,Тертиевна,1199,1.0,7.0,1947.0,1947-07-01
02.08.1948,Мальвина,Лямина,Тимофеевна,1200,2.0,8.0,1948.0,1948-08-02
02.09.1979,Маргарита,Лямудина,Тимуровна,1201,2.0,9.0,1979.0,1979-09-02
04.10.1949,Марианна,Лямцева,Титовна,1202,4.0,10.0,1949.0,1949-10-04
05.11.1950,Мариетта,Лямцына,Тихоновна,1203,5.0,11.0,1950.0,1950-11-05
07.12.1951,Марина,Ляпидевская,Трифоновна,1204,7.0,12.0,1951.0,1951-12-07
